SN_EOR_WELL_COMP_FK,SN_HC_BEARING_INTVL_FK
-11576,-56180
-23972,-94257
-21167,-79765
-23018,-5707
-1164,-5707
-16745,-66057
-3459,-20122
-1701,-8764
-1652,-8754
-1526,-7573
-9018,-47390
-2750,-16119
-2750,-16118
-19547,-74448
-1617,-8515
-9379,-49194
-533,-2543
-830,-3835
-4561,-3834
-1434,-6989
-257,-1158
-8637,-45864
-7294,-39850
-1100,-5327
-2584,-15165
-24239,-95318
-17536,-8594
-1633,-8594
-22378,-85344
-8328,-44676
-13925,-60142
-2682,-15753
-22733,-87245
-20119,-58535
-13002,-58535
-12557,-57859
-1234,-5980
-5703,-32188
-11270,-55612
-20955,-78867
-18152,-70228
-25769,-70232
-18156,-70232
-24138,-94955
-3079,-18115
-18552,-71493
-16534,-65438
-10195,-52923
-17890,-69360
-22281,-84783
-21581,-81376
-26713,-104022
-7472,-41030
-2729,-16092
-22541,-76190
-16878,-66458
-17647,-68600
-18806,-72184
-19803,-75345
-21349,-80403
-22372,-85322
-15808,-56729
-11869,-56729
-19510,-73749
-10214,-53005
-22351,-85128
-9458,-50153
-28783,-115138
-28783,-115137
-14257,-60704
-11818,-56609
-9172,-47951
-9507,-49873
-10402,-53783
-17099,-66384
-16867,-66384
-20079,-66383
-23211,-66382
-24350,-66381
-19590,-66363
-18389,-66362
-12520,-57717
-11611,-56301
-8268,-44456
-676,-3110
-23600,-92247
-12449,-57573
-11607,-56300
-1253,-6040
-2856,-16876
-20988,-79245
-19870,-75505
-23602,-92248
-18618,-71619
-2835,-16792
-20099,-76171
-20098,-76170
-26104,-101385
-18970,-72715
-19069,-73017
-12567,-57793
-12567,-57792
-8935,-46789
-8827,-46748
-3708,-21395
-5003,-28599
-3632,-20977
-3977,-14385
-2457,-14385
-10940,-54968
-9083,-47711
-2126,-10635
-2073,-11505
-7668,-41753
-212,-960
-1934,-956
-5710,-32263
-7666,-41752
-11397,-55806
-15021,-62256
-7043,-38633
-13740,-59891
-26534,-103913
-26690,-103183
-26690,-103182
-18103,-70080
-4314,-25139
-25604,-24398
-24658,-24398
-4113,-24398
-25822,-99868
-1184,-5760
-9171,-48231
-5253,-29887
-6712,-29885
-4723,-27379
-2554,-14905
-24880,-31496
-5582,-31495
-6774,-37169
-24927,-37167
-13144,-37166
-22943,-88467
-18426,-71092
-18425,-71091
-30434,-120635
-21052,-79463
-16223,-64792
-27335,-108042
-26362,-102242
-25602,-99062
-7168,-39227
-5520,-31103
-5541,-31224
-10385,-53703
-12494,-38752
-7069,-38752
-25320,-97843
-25321,-97842
-7125,-39086
-12820,-58496
-22769,-57674
-12495,-57672
-14064,-60369
-11447,-55886
-8096,-43615
-2365,-13629
-4269,-13628
-12127,-13626
-19287,-73766
-1979,-10825
-4486,-19359
-3336,-19357
-1195,-5816
-15334,-62981
-6928,-38069
-4998,-28560
-25115,-97003
-7147,-39226
-7540,-41252
-28603,-114513
-6618,-36546
-18521,-71434
-16665,-65762
-11677,-56425
-7620,-41593
-26421,-31498
-13490,-31498
-13636,-59706
-11450,-55926
-8619,-45885
-1644,-8614
-735,-3373
-10953,-55005
-23974,-94151
-26734,-57996
-12668,-57995
-4437,-25639
-117,-450
-15620,-63607
-15646,-63606
-15621,-63605
-8594,-45566
-13578,-45565
-8586,-29682
-5010,-28646
-5010,-28645
-5010,-28644
-5010,-28643
-5010,-28642
-5010,-24509
-4198,-24509
-2314,-13385
-3255,-19037
-22404,-85546
-14547,-61196
-5894,-33124
-19358,-74005
-14430,-60964
-14744,-52983
-10203,-52983
-14432,-60965
-22400,-85523
-6539,-36046
-8960,-47150
-8961,-47149
-22977,-88627
-9409,-49372
-6425,-35388
-20270,-76912
-19611,-74725
-12412,-57523
-15292,-62877
-3377,-19557
-2818,-16713
-15005,-55125
-10908,-55125
-10623,-54326
-4906,-27960
-17193,-18476
-13134,-18476
-3240,-18475
-2970,-17472
-3192,-18715
-23007,-84563
-21821,-84563
-23005,-80878
-21704,-79569
-5652,-31967
-9716,-50936
-12275,-57253
-3080,-18135
-2170,-12485
-13421,-59339
-12167,-57130
-11398,-55807
-7664,-41751
-7079,-38493
-1392,-6786
-2151,-12065
-6470,-35646
-28611,-114533
-22672,-79988
-22672,-79987
-22672,-79986
-21237,-79985
-11919,-56750
-12710,-56749
-16729,-66009
-17276,-67460
-23255,-10103
-4543,-10103
-23255,-10102
-22409,-10102
-13130,-10963
-12711,-10963
-12246,-10963
-4654,-10963
-4342,-25099
-18873,-72579
-18873,-46267
-10056,-52303
-21045,-57934
-21045,-57933
-12649,-57933
-12850,-58296
-5454,-18399
-5455,-18398
-5456,-18397
-8898,-46969
-8579,-45543
-10726,-54546
-3031,-17817
-1448,-7066
-23924,-93873
-23924,-92450
-23640,-92450
-7211,-39407
-9326,-48992
-25155,-97205
-25393,-97204
-25037,-96804
-26490,-102842
-25304,-97766
-26190,-96846
-25067,-96845
-25431,-98306
-25948,-98305
-25327,-96669
-8845,-46810
-8676,-45987
-6413,-35386
-6008,-32625
-5781,-32625
-11638,-32403
-6008,-32403
-5821,-32403
-5759,-32403
-10097,-52464
-6462,-35586
-11086,-55225
-5847,-32803
-24951,-67749
-17654,-67749
-21307,-80285
-17523,-67751
-20186,-67750
-17603,-67261
-1589,-8253
-13732,-59870
-27818,-109804
-20940,-79004
-13682,-59807
-26723,-103402
-26609,-103401
-10269,-53143
-10267,-53123
-26428,-102473
-2415,-14271
-7573,-41412
-12439,-57554
-8529,-45322
-25379,-81145
-25157,-79643
-21128,-79643
-15551,-63427
-17467,-68121
-3840,-22277
-5500,-31003
-3889,-22477
-12331,-57359
-1406,-6867
-12349,-57413
-6613,-36386
-25939,-100384
-27369,-107221
-1708,-9119
-5603,-9118
-13477,-59446
-1264,-6119
-28315,-113302
-25487,-98523
-26961,-105322
-16818,-66199
-475,-2200
-17414,-29043
-10539,-29042
-5120,-29022
-4925,-28079
-26479,-586
-13403,-586
-26479,-585
-13403,-585
-13353,-41972
-7730,-41972
-7765,-42111
-17289,-58412
-17289,-58411
-17289,-58410
-25992,-100662
-25992,-100661
-21065,-79526
-21065,-72882
-21065,-72881
-21065,-72880
-21065,-72879
-13103,-12990
-2254,-12990
-13103,-12989
-2254,-12989
-13103,-12988
-2254,-12988
-13103,-12987
-2254,-12987
-20201,-76646
-2487,-14566
-4265,-22783
-24891,-96648
-3007,-15693
-26643,-15692
-4361,-22782
-25726,-22780
-2913,-15265
-22959,-88587
-4387,-23778
-18816,-72224
-4215,-22063
-2840,-16812
-6288,-34927
-3823,-22061
-254,-1135
-624,-2909
-13445,-59364
-1027,-4979
-13445,-4978
-1034,-4978
-377,-1700
-7787,-41271
-2119,-11925
-3997,-23198
-26960,-105324
-5954,-33463
-5478,-30763
-19999,-75946
-3552,-17674
-7938,-17673
-18708,-17672
-3778,-19739
-4234,-19602
-11122,-8376
-1639,-8376
-6107,-8817
-1663,-8816
-1568,-8033
-21460,-80844
-20796,-78383
-1726,-9260
-5343,-30425
-12834,-17153
-2918,-17152
-6480,-26639
-4596,-26639
-4904,-27959
-27139,-105981
-25360,-89851
-23149,-89851
-22581,-86424
-6056,-31564
-27545,-108283
-18620,-63683
-15655,-63683
-21080,-79583
-6639,-36466
-9213,-48352
-24550,-95852
-2123,-11926
-1968,-10827
-5707,-10826
-2594,-15245
-8680,-13007
-2258,-13007
-509,-2329
-2603,-15365
-3351,-19438
-3087,-18155
-2274,-13147
-8367,-13146
-16999,-66782
-23909,-93818
-4318,-25159
-6339,-25924
-4507,-25924
-6339,-25923
-15654,-25922
-17725,-25921
-2373,-13725
-1830,-10654
-15747,-63763
-15593,-63502
-3358,-19457
-16193,-64712
-8626,-45784
-18656,-70309
-18171,-70309
-24544,-95869
-21799,-82003
-6982,-38355
-6982,-38354
-6982,-38353
-5086,-28442
-5086,-28441
-5086,-28440
-10159,-46191
-25107,-46189
-24156,-95011
-6510,-35886
-17317,-28020
-4885,-27927
-15863,-64044
-4991,-28539
-2276,-13148
-4377,-25339
-6198,-34465
-12015,-57050
-3495,-20260
-23114,-84448
-23476,-84447
-22815,-84447
-23834,-84446
-18991,-72776
-1454,-7127
-23416,-87675
-23415,-87675
-23417,-87672
-22808,-87672
-18177,-70384
-23057,-78469
-23057,-78466
-14438,-58409
-13162,-58409
-14438,-58407
-14438,-58406
-10333,-53504
-10333,-53503
-17663,-58357
-17663,-58356
-22011,-76627
-20191,-76627
-3709,-12130
-3960,-15468
-3960,-15467
-9779,-47936
-9779,-47935
-7669,-41758
-7669,-41757
-2311,-13348
-2311,-13126
-5329,-25209
-5338,-25206
-24377,-87248
-24374,-87248
-23486,-87248
-24377,-87247
-23876,-87247
-23486,-87247
-22734,-87247
-21388,-80568
-23134,-80567
-21388,-80567
-12195,-56576
-21318,-81684
-21318,-81683
-19131,-73196
-6640,-36506
-8674,-46167
-14402,-60925
-6390,-35226
-4027,-7655
-4644,-26845
-24296,-26842
-3325,-19297
-3570,-20580
-2540,-14786
-1914,-10381
-1915,-9402
-1749,-9402
-10074,-52423
-6010,-33805
-19798,-74270
-21426,-80705
-19026,-72896
-18985,-72735
-15187,-62635
-16397,-38277
-6965,-38276
-3779,-21841
-3173,-18595
-610,-2838
-2490,-2837
-5770,-2836
-3628,-2836
-1533,-7722
-2008,-7721
-4068,-23758
-6547,-36106
-2722,-15913
-8558,-45442
-18098,-70043
-15370,-63038
-5134,-29064
-20076,-76126
-3042,-17857
-6218,-34529
-13629,-59361
-5929,-33323
-11555,-45184
-13881,-60101
-10115,-52003
-9392,-25560
-10113,-50655
-10491,-50653
-6823,-37488
-7228,-39446
-17560,-68260
-2814,-16695
-9578,-50233
-7504,-41094
-14518,-61104
-24921,-84529
-23804,-84529
-23474,-84529
-22211,-84529
-24920,-86024
-22505,-86024
-21875,-82664
-21874,-82663
-20142,-70184
-20086,-70184
-19101,-70184
-18136,-70184
-13897,-60122
-24908,-83923
-22111,-83923
-22112,-83723
-20271,-76913
-7295,-39870
-11487,-56033
-18495,-70083
-18434,-70083
-18112,-70083
-11579,-56200
-24814,-56161
-21155,-56161
-17458,-56161
-11568,-56161
-21156,-56140
-20226,-76727
-13050,-41551
-7629,-41551
-14056,-50757
-19211,-73461
-19774,-75265
-21621,-77640
-20477,-77640
-20478,-77638
-20810,-78424
-20809,-78423
-21752,-82063
-21610,-81103
-4615,-25222
-6642,-25221
-13196,-26999
-17343,-25300
-4629,-25299
-4630,-24729
-10383,-53684
-4513,-22940
-412,-1900
-1137,-2791
-567,-2791
-652,-3044
-1139,-3137
-682,-3137
-4466,-23639
-4232,-24727
-16902,-66499
-1375,-6657
-18282,-70706
-17749,-62255
-14910,-62035
-20595,-77652
-20595,-77651
-13240,-58964
-13240,-58963
-23955,-87164
-576,-2726
-576,-2725
-2253,-12966
-11359,-5353
-2271,-5353
-1107,-5353
-1107,-5352
-1107,-5351
-12238,-5350
-2271,-5350
-1107,-5350
-24198,-90687
-7733,-41952
-14980,-62175
-27615,-107423
-27400,-107422
-20244,-76807
-7144,-28828
-7021,-30891
-7021,-30890
-8108,-43755
-8108,-43714
-4887,-2105
-456,-2105
-4887,-2100
-17000,-65074
-17767,-68941
-16065,-64432
-14045,-55730
-16136,-55729
-14045,-55729
-6460,-35786
-22480,-85990
-4612,-20651
-4612,-20650
-4612,-20649
-5634,-31866
-5634,-31865
-5634,-31864
-23324,-85313
-23324,-85312
-23324,-85311
-17653,-68560
-7203,-39426
-2693,-15832
-26541,-71169
-20680,-77971
-20680,-77970
-13120,-54206
-18798,-72144
-16386,-65113
-9432,-49475
-1381,-6706
-9804,-51300
-773,-3470
-22174,-79304
-21009,-79304
-21009,-79303
-16132,-64592
-14256,-32784
-5845,-32783
-2648,-15614
-19819,-67884
-19819,-67883
-19819,-67882
-19819,-67881
-19819,-67880
-2679,-9641
-23495,-69941
-23495,-69940
-19171,-73285
-19171,-73282
-20169,-76566
-21006,-79292
-8165,-43957
-11415,-55849
-11094,-55274
-4798,-14925
-7954,-32703
-7833,-32703
-6467,-32703
-5811,-32703
-3723,-21437
-1386,-6886
-14362,-51217
-9792,-51217
-6877,-37789
-8588,-45567
-6308,-34946
-14125,-41294
-7547,-41294
-14125,-41293
-12496,-41293
-22027,-9823
-1822,-9822
-12863,-58377
-12863,-42031
-7740,-42031
-11026,-55150
-2059,-8419
-1594,-8353
-14562,-59548
-13529,-59547
-14495,-38955
-21652,-81747
-17494,-67565
-15347,-63044
-10336,-51501
-16924,-66126
-16924,-66125
-16924,-66124
-22366,-84349
-1362,-6642
-16591,-10574
-1937,-10574
-17385,-67860
-17385,-42053
-7742,-42053
-6438,-1195
-2289,-1195
-260,-1195
-777,-3310
-8075,-43554
-177,-805
-21295,-80183
-3929,-22517
-1987,-10922
-7537,-41231
-16268,-64893
-9735,-51036
-4607,-26679
-455,-2081
-11050,-54548
-10796,-54685
-130,-452
-12154,-57072
-12978,-58526
-21076,-49374
-21021,-49374
-16706,-49232
-9385,-49232
-8810,-46654
-11445,-46653
-12934,-46651
-13142,-46650
-7506,-41112
-9683,-41111
-5968,-34085
-14928,-15348
-3105,-15348
-28655,-114673
-23858,-93496
-21421,-80723
-10846,-54845
-26128,-101509
-24195,-95135
-18992,-72777
-9484,-51297
-8012,-43314
-11486,-56012
-8003,-43295
-24745,-96379
-15060,-37869
-6889,-37869
-6889,-37868
-27678,-109183
-11623,-51483
-9869,-51482
-12806,-51480
-24612,-51478
-25480,-51477
-15353,-63024
-19822,-74706
-20122,-74705
-19601,-74705
-19391,-74037
-20136,-74036
-13121,-58758
-15557,-58757
-13121,-58757
-7505,-41151
-22764,-67462
-17278,-67462
-22764,-67461
-17278,-67461
-22764,-64056
-15901,-64056
-22764,-64055
-15901,-64055
-22764,-64054
-15901,-64054
-139,-600
-6393,-35246
-5061,-28762
-24517,-77797
-21099,-77797
-24517,-77796
-23661,-77796
-21100,-77796
-19693,-74965
-15008,-57090
-22792,-87547
-9440,-49332
-3787,-21858
-23334,-21857
-9115,-28199
-9114,-28199
-4938,-28199
-19302,-27139
-8889,-27139
-4714,-27139
-128,-498
-11976,-8493
-15997,-64325
-8248,-44377
-3194,-18776
-1894,-10434
-19037,-72917
-19037,-72916
-16419,-65213
-5667,-27499
-5690,-22720
-4752,-22720
-6382,-22719
-11065,-21856
-14434,-21854
-5379,-21853
-18877,-21852
-24653,-21849
-8519,-45260
-6664,-36666
-5041,-28741
-16481,-65336
-5655,-31984
-3191,-18695
-383,-1740
-299,-1215
-1465,-7226
-5065,-28782
-11154,-54265
-19592,-74685
-12375,-57491
-19731,-75090
-136,-518
-546,-2623
-25851,-29782
-5236,-29662
-3748,-21662
-9693,-50776
-21219,-75376
-21219,-75375
-19804,-75375
-10088,-5316
-4163,-5316
-10554,-29783
-10554,-29342
-5188,-29342
-11295,-45524
-9111,-45524
-11295,-45523
-11287,-43757
-11287,-43756
-8893,-43756
-9088,-46809
-9116,-47896
-14271,-56633
-742,-3399
-26848,-104629
-5201,-29443
-5898,-33163
-641,-2832
-1053,-2831
-5512,-29962
-5340,-30383
-4929,-28099
-9376,-49152
-2601,-15312
-12086,-15310
-16404,-15309
-14314,-60803
-9785,-51176
-3782,-21843
-2178,-12346
-8607,-45704
-13256,-58999
-16809,-66178
-3365,-19497
-8333,-44656
-293,-1359
-9918,-51743
-518,-2360
-2390,-13825
-10747,-54626
-10746,-54625
-1470,-7266
-6281,-34867
-7861,-42534
-2619,-10862
-2173,-10862
-1844,-10862
-760,-3251
-14379,-27783
-26004,-100763
-2456,-14387
-2456,-14386
-721,-3351
-721,-3350
-2266,-2706
-571,-2705
-3451,-20059
-2085,-11668
-175,-804
-175,-803
-10,-62
-6959,-38232
-1574,-61
-11,-59
-25985,-83844
-22095,-83843
-13746,-42415
-13429,-42415
-13746,-42414
-12910,-42414
-12099,-42414
-5790,-32731
-5790,-32730
-4015,-23379
-4015,-23378
-8789,-46489
-14336,-45968
-8663,-45968
-12601,-45967
-8662,-45967
-8661,-45966
-9129,-48015
-9129,-48014
-9069,-47572
-9069,-47571
-24369,-79908
-24369,-79907
-21200,-79907
-19444,-74361
-22702,-88015
-9306,-49394
-9306,-49393
-10110,-52504
-10777,-54651
-10777,-54650
-16220,-65013
-20558,-77657
-24487,-86705
-24487,-86704
-10355,-53584
-18113,-70103
-25930,-84571
-22215,-84571
-15717,-63883
-20114,-76266
-22005,-83463
-18116,-70123
-26565,-69321
-19613,-74726
-20813,-78446
-4708,-20632
-4708,-20631
-30420,-120659
-20738,-71312
-20742,-71311
-26196,-46309
-8759,-46309
-8759,-46308
-5534,-30212
-5534,-30211
-22158,-74231
-22159,-74230
-4158,-18915
-13274,-58921
-13274,-58920
-19012,-60684
-14233,-60684
-14234,-60683
-16097,-60681
-7594,-41492
-7594,-41491
-9305,-49136
-9305,-49135
-11247,-55570
-11247,-55569
-9888,-51580
-9888,-51579
-5644,-31905
-18939,-72618
-15885,-64066
-14105,-60421
-11634,-56363
-18854,-226
-13553,-222
-8099,-222
-1088,-222
-13553,-221
-4754,-221
-19563,-220
-1087,-220
-14293,-60762
-7397,-40650
-1127,-5450
-3207,-16640
-3208,-16638
-3129,-15641
-3130,-15638
-22198,-43634
-20869,-43634
-8097,-43634
-19815,-75206
-19766,-75205
-15031,-62275
-13558,-59613
-18488,-71309
-8192,-44156
-5669,-32023
-1323,-5190
-1064,-5189
-10337,-53723
-12932,-44397
-10054,-44397
-12932,-44396
-8256,-44396
-8153,-43836
-11240,-43454
-8044,-43454
-11240,-43434
-16161,-44242
-20954,-79148
-16160,-63770
-12351,-18515
-3161,-18515
-12393,-57493
-5286,-22357
-3860,-22357
-6840,-37568
-5274,-29922
-14468,-42738
-7930,-42738
-7931,-42737
-7929,-42736
-366,-1637
-3756,-14
-2127,-10
-4,-8
-172,-154
-9187,-153
-5,-18
-3758,-17
-9189,-16
-7982,-43499
-2394,-13866
-2395,-13865
-7643,-2220
-479,-2220
-892,-4193
-895,-4197
-9672,-51117
-10189,-11865
-4868,-27879
-1393,-6766
-14460,-3764
-824,-3764
-7037,-26810
-25104,-96902
-13126,-58784
-22982,-58783
-18318,-70667
-18318,-70666
-22775,-75047
-22775,-75046
-2161,-11992
-7010,-14045
-2420,-14045
-3420,-16612
-6718,-36867
-4011,-9259
-1723,-9259
-17607,-27945
-7133,-27945
-6104,-34126
-4411,-25480
-2749,-16214
-1503,-7454
-5502,-7453
-2429,-14145
-7427,-40890
-13950,-49853
-476,-2201
-8258,-44176
-7508,-41113
-25524,-78245
-20802,-78245
-25869,-63025
-15362,-63025
-22937,-64533
-22526,-74032
-22525,-74032
-22509,-74032
-26536,-75448
-22535,-75448
-21177,-79873
-21594,-80423
-1715,-9196
-17166,-64330
-16614,-64330
-13875,-60081
-10196,-52943
-4877,-15792
-3766,-15792
-2685,-15792
-9252,-48892
-733,-3398
-2627,-3397
-6847,-37629
-6847,-37628
-28080,-111683
-1714,-9176
-13035,-58558
-16974,-66730
-5296,-30042
-8015,-1980
-418,-1980
-2662,-6728
-8946,-6727
-6401,-6727
-9810,-34065
-6093,-34065
-7422,-40851
-939,-4558
-855,-4203
-2501,-4200
-10595,-4199
-19995,-75869
-24018,-75868
-4413,-25482
-1530,-7613
-1394,-6787
-25718,-98983
-3209,-18815
-15270,-59038
-15270,-59037
-21576,-81343
-13709,-59827
-7417,-40741
-1050,-5084
-1345,-3133
-3587,-3132
-4860,-3131
-1346,-3131
-4850,-3130
-604,-2817
-14792,-61774
-2117,-11905
-3223,-18878
-28991,-115813
-4724,-27399
-823,-3766
-28432,-113664
-505,-2041
-439,-2040
-253,-1134
-10737,-54586
-5596,-10058
-1851,-10058
-6003,-10056
-25019,-10055
-4660,-26939
-11141,-55308
-12168,-55307
-11138,-55307
-210,-948
-549,-2643
-18651,-71720
-12118,-57029
-2753,-16153
-1307,-6357
-726,-3430
-9053,-47491
-18712,-28368
-4959,-28368
-1590,-3734
-4835,-27799
-899,-4235
-889,-1902
-1079,-5261
-18513,-71402
-10263,-11886
-11062,-51178
-11529,-51177
-10511,-54045
-2153,-12092
-2153,-12091
-23862,-93590
-2593,-15230
-2593,-15228
-24162,-15227
-10146,-15227
-24162,-15226
-8420,-44941
-17115,-67082
-14275,-60141
-14275,-60140
-13923,-60140
-9283,-48812
-14765,-51709
-9907,-51709
-14765,-51708
-14278,-51708
-15872,-64051
-16713,-65917
-19021,-72576
-27681,-109204
-7654,-41731
-25424,-75626
-19895,-75625
-1958,-10741
-10590,-51105
-10590,-51104
-6934,-38111
-6934,-38110
-6058,-33905
-22212,-82483
-21864,-82483
-16035,-23138
-3990,-23138
-14918,-62036
-21329,-6768
-1823,-6768
-25061,-6767
-4675,-6767
-6500,-35826
-20120,-76327
-6384,-35186
-12799,-57150
-2503,-12336
-2422,-10730
-1428,-6972
-6520,-35927
-1341,-6564
-1341,-6563
-8006,-6562
-9597,-6561
-9597,-6560
-4016,-23398
-5230,-21155
-9505,-21154
-3663,-21154
-2786,-16492
-2645,-15917
-21901,-82804
-10687,-54445
-6822,-37448
-4291,-24998
-2621,-15472
-15464,-63241
-6013,-33825
-6015,-33826
-656,-3038
-2828,-16772
-1854,-10121
-6060,-33204
-5903,-33203
-21766,-82103
-17658,-42091
-7750,-42091
-7750,-33223
-5909,-33223
-11374,-55766
-3711,-2785
-3711,-2784
-24961,-2783
-1878,-2779
-6914,-38008
-11679,-37950
-25646,-37949
-12216,-57177
-6551,-36107
-9537,-50013
-9746,-51056
-1577,-8153
-18211,-70505
-9523,-50093
-3268,-19077
-4049,-23681
-6275,-34767
-748,-3432
-10773,-54647
-6991,-38432
-2139,-846
-4867,-845
-187,-845
-2069,-11463
-5168,-29203
-6773,-29202
-13788,-28739
-5055,-28739
-4109,-24018
-8899,-46970
-8660,-19685
-3399,-19684
-5746,-19683
-8585,-45564
-10127,-9783
-3220,-9783
-15313,-9782
-14107,-9782
-11209,-55487
-1059,-4956
-1025,-4955
-1309,-6377
-8079,-43575
-1016,-4915
-577,-2727
-15192,-11806
-2110,-11806
-15192,-11805
-12036,-11805
-1812,-9725
-2305,-13330
-5142,-13328
-11420,-13326
-4668,-13325
-2726,-14717
-4538,-14716
-8146,-14715
-1687,-8996
-1669,-8855
-8094,-8854
-8092,-43614
-5269,-29902
-7971,-43174
-10371,-12867
-4899,-12866
-4898,-12866
-2243,-12865
-4751,-27459
-3715,-21620
-18608,-59260
-16197,-59259
-13382,-59259
-2448,-14307
-10265,-14306
-3815,-21997
-5527,-31144
-5952,-33443
-2696,-15912
-1473,-7267
-758,-3652
-8544,-45380
-14683,-61534
-1910,-10368
-5905,-10366
-5906,-10365
-10856,-54868
-22534,-72493
-22533,-72493
-7086,-38635
-7086,-38634
-7084,-38532
-7013,-38412
-5433,-32472
-14440,-32469
-21417,-32467
-5442,-32464
-26760,-104169
-3446,-20160
-5337,-30363
-2064,-11403
-16613,-54465
-10692,-54465
-16399,-65154
-11382,-55786
-12272,-53443
-10418,-53443
-12272,-21440
-3726,-21440
-2968,-17452
-3348,-19199
-20064,-19198
-3485,-20179
-182,-825
-8985,-47330
-2611,-15646
-8984,-15645
-2650,-15644
-15457,-60926
-5958,-33504
-767,-3491
-1229,-3490
-1896,-10281
-5499,-17213
-4385,-17212
-1313,-6419
-18369,-70969
-4912,-22898
-4121,-24038
-5187,-21878
-1775,-9521
-4209,-24561
-4288,-5738
-1177,-5737
-2848,-14607
-23493,-14606
-2965,-17075
-22914,-17073
-2954,-15185
-3233,-18936
-5217,-30844
-11602,-30843
-4556,-26282
-23116,-89691
-23517,-70021
-22606,-86524
-21616,-79965
-23052,-89287
-16705,-66639
-15899,-64065
-22297,-75088
-19730,-75088
-4935,-24600
-16858,-24599
-3532,-20400
-3582,-20652
-3142,-17995
-3311,-19217
-3375,-19558
-2878,-16973
-2878,-16972
-13385,-59278
-6279,-34846
-1776,-9541
-5535,-19902
-9449,-19901
-12823,-19900
-5539,-19899
-14685,-61535
-17206,-12807
-2221,-12807
-7962,-43054
-15762,-63783
-3609,-20814
-4830,-27420
-4741,-27419
-1086,-5267
-10745,-54541
-10745,-54540
-10745,-54539
-4005,-23259
-3862,-2022
-3744,-5708
-7269,-40050
-3437,-6571
-17339,-67727
-10318,-581
-8628,-581
-7256,-581
-6105,-581
-5318,-581
-10470,-579
-8628,-579
-6105,-579
-6106,-31365
-5530,-31365
-10276,-31364
-6106,-31364
-15859,-21376
-8451,-21376
-8451,-21375
-3712,-21375
-16036,-19601
-22642,-19599
-3387,-19599
-4590,-11547
-364,-1625
-14988,-1624
-364,-1624
-470,-2160
-3347,-17917
-24443,-17916
-21917,-82943
-18731,-71924
-27510,-108041
-26890,-104896
-5615,-31783
-14567,-61245
-6785,-37429
-6496,-35809
-711,-3157
-3,-5
-2,-3
4,-3
-1519,-7551
-16191,-64713
-14845,-61974
-11317,-55666
-5724,-32363
-5444,-30803
-4464,-25679
-6265,-34768
-3564,-20520
-7384,-40850
-9368,-49092
-9473,-49692
-9524,-49973
-6447,-31684
-13827,-31683
-5619,-31765
-5611,-31764
-5613,-31763
-4633,-26779
-5543,-31403
-4889,-27946
-3668,-21175
-9975,-48452
-9216,-48452
-15817,-63903
-15819,-63902
-13378,-59239
-434,-2044
-2325,-13426
-5361,-30485
-5362,-30484
-5056,-28740
-9168,-30724
-7145,-30724
-23852,-93431
-10985,-55065
-8139,-43835
-2892,-3160
-10434,-53863
-5388,-30543
-16856,-66162
-21038,-79403
-19182,-18301
-17163,-18300
-15243,-18299
-14246,-18295
-3121,-18295
-7047,-38692
-2505,-14585
-14390,-60924
-5564,-31383
-18230,-12968
-4804,-12967
-7639,-41671
-6762,-31623
-22944,-78408
-22907,-88327
-22936,-78405
-9264,-35667
-15769,-52525
-11662,-52524
-19073,-52523
-21444,-80163
-27598,-108566
-7630,-41632
-4592,-26519
-310,-1486
-20987,-66157
-24351,-95439
-21554,-72067
-18776,-72067
-21554,-67088
-17119,-67088
-9692,-50777
-2873,-16943
-1661,-8815
-1661,-8814
-1793,-9622
-1793,-9621
-14986,-55706
-15324,-62958
-21312,-62957
-15324,-62957
-9460,-25379
-2218,-12571
-12549,-57756
-2370,-13688
-12551,-57757
-2477,-14525
-8806,-46628
-4406,-25460
-2715,-15892
-7019,-38572
-7909,-28962
-5108,-28962
-5660,-32003
-7789,-42191
-4537,-26199
-3950,-22757
-4535,-26660
-7055,-38732
-19737,-22099
-6220,-22098
-3828,-22097
-19124,-67601
-17296,-67600
-15214,-62836
-8683,-21921
-3804,-21920
-5930,-19780
-1983,-10885
-15561,-10884
-15561,-10883
-20419,-10882
-8520,-45261
-14888,-37690
-23302,-90567
-22109,-83963
-11582,-56220
-10948,-45079
-8457,-45079
-10948,-19137
-3283,-19137
-3605,-20738
-6904,-37928
-8910,-47029
-7316,-40096
-14626,-61388
-2077,-11625
-6508,-35866
-3696,-21295
-4023,-23458
-8050,-43456
-1675,-8857
-4013,-23098
-1421,-6946
-22353,-45179
-8507,-45179
-8786,-44782
-22553,-44781
-10978,-54747
-22475,-54746
-12628,-57913
-10920,-54068
-10809,-54286
-5491,-19036
-3253,-19035
-12111,-46128
-22649,-46127
-24978,-81944
-21720,-81944
-24978,-81943
-21719,-81943
-12220,-57180
-8655,-45946
-9120,-47972
-17270,-67400
-15541,-63424
-12213,-57176
-8964,-47169
-14449,-60985
-9162,-48191
-9399,-31667
-10229,-31666
-9400,-31665
-15151,-31664
-17918,-31663
-25154,-97203
-6152,-34306
-6154,-34305
-8288,-44305
-17594,-44303
-3362,-19959
-9577,-4295
-1450,-4295
-13794,-4293
-1451,-4293
-7807,-42395
-7801,-42394
-9130,-48016
-2388,-7315
-13625,-7314
-9367,-17113
-9522,-38492
-8648,-44262
-19711,-44261
-9497,-49813
-6981,-38333
-12142,-38332
-2689,-15816
-9761,-15815
-12735,-15814
-1673,-8882
-1672,-8880
-24014,-8877
-24628,-8875
-24015,-8874
-1876,-10218
-13769,-10217
-13722,-10217
-2226,-12745
-8177,-38519
-12626,-38518
-21902,-38516
-24143,-38514
-26115,-38513
-12643,-459
-3299,-459
-14292,-439
-4523,-26579
-16156,-64732
-2270,-13109
-10709,-13107
-16860,-66373
-15059,-62415
-11335,-39046
-7122,-39046
-2855,-16875
-16846,-16874
-11955,-16874
-5774,-32566
-6033,-32564
-9000,-32563
-6516,-35906
-4913,-28001
-6165,-27999
-5479,-30908
-6514,-30907
-7519,-30906
-12954,-30905
-11907,-30905
-13688,-30904
-25780,-51625
-9897,-51625
-7324,-40130
-17731,-49893
-9514,-49893
-3101,-18175
-20167,-76286
-20369,-77170
-10172,-52823
-9609,-50316
-9160,-48071
-8404,-44858
-3317,-19277
-3234,-18956
-3359,-5703
-6342,-5699
-3352,-5699
-3246,-6320
-17035,-6318
-17545,-51783
-9919,-51783
-20109,-76227
-21408,-80646
-18694,-49012
-9353,-49012
-8638,-45865
-5407,-30623
-20474,-77430
-9082,-18358
-21503,-80984
-21915,-82183
-5832,-32924
-12423,-32923
-9268,-3770
-9259,-3769
-9259,-3768
-20250,-76849
-25000,-76848
-20251,-76848
-21565,-81283
-9094,-47812
-19394,-57411
-12263,-57230
-9194,-48282
-12257,-48351
-9145,-47811
-1282,-6236
-6143,-34285
-1205,-5855
-16749,-66058
-12161,-49474
-11109,-49474
-12161,-49473
-9430,-49473
-2072,-11504
-4626,-11503
-6952,-38212
-16452,-48712
-15456,-48712
-9219,-48712
-8419,-45118
-4165,-24379
-8897,-46950
-304,-1439
-18455,-71189
-16083,-27839
-4847,-27839
-4286,-24999
-7758,-21844
-3781,-21844
-3780,-21842
-227,-1017
-2694,-16232
-2874,-17655
-24633,-17653
-2866,-16892
-9230,-48536
-1514,-7531
-1048,-5068
-1755,-9423
-1832,-9422
-6444,-9421
-9371,-49094
-18463,-71209
-12163,-53683
-10596,-54287
-10597,-54288
-4983,-7594
-1529,-7594
-14892,-61994
-11975,-56891
-1571,-7934
-5793,-7933
-236,-1049
-373,-1681
-311,-1485
-20257,-76872
-12505,-50273
-2249,-12868
-8712,-26904
-6686,-26904
-8712,-26903
-6686,-26903
-6688,-26900
-3822,-22037
-9191,-48281
-298,-151
-9218,-23500
-10588,-23499
-9217,-23498
-8608,-45714
-14623,-45713
-16850,-45712
-20933,-45711
-23264,-45710
-20973,-48054
-9139,-48054
-22545,-48053
-9240,-46994
-13224,-46993
-15661,-46992
-3566,-20540
-6506,-22791
-3956,-22791
-1936,-10554
-18936,-58142
-18936,-58140
-18936,-58139
-18936,-58138
-4212,-24573
-12940,-24571
-12940,-24570
-18164,-70304
-9467,-49632
-1480,-7293
-1481,-7291
-2437,-1037
-5841,-1036
-1654,-8761
-2326,-13428
-7470,-41010
-1439,-7006
-28519,-114053
-7493,-41090
-8147,-43834
-13834,-27080
-5220,-27079
-9846,-28943
-5107,-28942
-11666,-34707
-6244,-34706
-21710,-81891
-21710,-32343
-5722,-32343
-2273,-9723
-3117,-9722
-4006,-9721
-5497,-9661
-9712,-50897
-9713,-50896
-2990,-17676
-1144,-5568
-11744,-56520
-9722,-50937
-2171,-12328
-5538,-12326
-8779,-46448
-23947,-43179
-21398,-43179
-26064,-43178
-8508,-45183
-10365,-45182
-21230,-45181
-9542,-50053
-1290,-3939
-2245,-3938
-2810,-3937
-4346,-3933
-16670,-3932
-1221,-4144
-2462,-4143
-8444,-4142
-4309,-4142
-2939,-4139
-15993,-4132
-8598,-45884
-5989,-33652
-2382,-10544
-2813,-10543
-4258,-10541
-14090,-10540
-16912,-10538
-17622,-10537
-18417,-10534
-18413,-71070
-2435,-11128
-1272,-4318
-8449,-4317
-14092,-60401
-2434,-9846
-5991,-9843
-8197,-9842
-2758,-16394
-16243,-16393
-17224,-16392
-3589,-10902
-2674,-15732
-20906,-78843
-13725,-59847
-11808,-56575
-11252,-37648
-5314,-30162
-5223,-29568
-8341,-31945
-8356,-31944
-6072,-31943
-5583,-30748
-2984,-5634
-3078,-5041
-19138,-73216
-7074,-38772
-4295,-25018
-6892,-37908
-10026,-52163
-6471,-26224
-7070,-26223
-21127,-26221
-4182,-24419
-15327,-7086
-7325,-21865
-3785,-21865
-7325,-21864
-3785,-21864
-3982,-23298
-3827,-22218
-4102,-23918
-2015,-5411
-2016,-5408
-4954,-28339
-16864,-11343
-2046,-11343
-6099,-22060
-5059,-28742
-3948,-22737
-11353,-55726
-3104,-18195
-16712,-50367
-5083,-28905
-5083,-28904
-5083,-28903
-5864,-32943
-7139,-39168
-12362,-39167
-7139,-39167
-12362,-39166
-7139,-39166
-17919,-69440
-22069,-71859
-22068,-71859
-22067,-71859
-17465,-58839
-16568,-58838
-13145,-58837
-3993,-23159
-14287,-23158
-3486,-20220
-13929,-60150
-24233,-60147
-15478,-60145
-13930,-60143
-17455,-68160
-16424,-61046
-14483,-61046
-4261,-12340
-5681,-24638
-16120,-25138
-5789,-25138
-3531,-20380
-9526,-49958
-28036,-111543
-3403,-19702
-3210,-18837
-4846,-18836
-4238,-24758
-3059,-17951
-29994,-118916
-21716,-78965
-9910,-18298
-3127,-18297
-15036,-62295
-7151,-22237
-7152,-22177
-7395,-40590
-5984,-33625
-3704,-21338
-16719,-21336
-1782,-9602
-3108,-9601
-3841,-22300
-3308,-19278
-7446,-33565
-8853,-46869
-7822,-42374
-17721,-42373
-12360,-42371
-7822,-42371
-23978,-94176
-18863,-72577
-6869,-36430
-13645,-36429
-14450,-36428
-6941,-36427
-6868,-38129
-13648,-25961
-14586,-25960
-21220,-25959
-3730,-21520
-2458,-12279
-12026,-12276
-16910,-12275
-22104,-12273
-2190,-12425
-5291,-11985
-2121,-11985
-6067,-33987
-3226,-19061
-3479,-20188
-3480,-20187
-6369,-26379
-4568,-26379
-3762,-21801
-11161,-21800
-3959,-22848
-4055,-23640
-4934,-27141
-10914,-27140
-4841,-26380
-8118,-43814
-24441,-93512
-28145,-112143
-23951,-85043
-26369,-102262
-6207,-34485
-14598,-58223
-24710,-36988
-14843,-36988
-24710,-36987
-16725,-36987
-20720,-78124
-20720,-78123
-14025,-60308
-14025,-60307
-15826,-63934
-11337,-27925
-9516,-27925
-14318,-27923
-5022,-27922
-4886,-27921
-14808,-61815
-22830,-61814
-25180,-61813
-5330,-30303
-8425,-44958
-8131,-43817
-13177,-58965
-5691,-23840
-9124,-23839
-23141,-89787
-16187,-64681
-13183,-47992
-9125,-47992
-5806,-32683
-24513,-22843
-18373,-22843
-24513,-22842
-18373,-22842
-6878,-22842
-18833,-22840
-18325,-22840
-12527,-57733
-5319,-30182
-4786,-27662
-6932,-25540
-4422,-25540
-16897,-25539
-5626,-25539
-7987,-43254
-22673,-86968
-22673,-86967
-8555,-45440
-3864,-22382
-8052,-22381
-10293,-22380
-12564,-22379
-17031,-54185
-10549,-54165
-8713,-46310
-21894,-82788
-22719,-63487
-22719,-63486
-22719,-63485
-22719,-63484
-22719,-63483
-22719,-63482
-15311,-33526
-5966,-33525
-13197,-58957
-17218,-18377
-17219,-18376
-22971,-18375
-23857,-93493
-14633,-61427
-26247,-62216
-19407,-62215
-14912,-62037
-25785,-99722
-12898,-58417
-10600,-54305
-24341,-68743
-10104,-52483
-21500,-80223
-7747,-41831
-10728,-54545
-10017,-52183
-17580,-68360
-17615,-45625
-8595,-45624
-14508,-56420
-10287,-44879
-8414,-44879
-18908,-59360
-14190,-59360
-13430,-59360
-18909,-59359
-9369,-49093
-8525,-45300
-8105,-41431
-10050,-52263
-8323,-43594
-14156,-60506
-14157,-60504
-20801,-79123
-17314,-56260
-11617,-56260
-22206,-84503
-22205,-56344
-17441,-56344
-11626,-56344
-21895,-81986
-21896,-81984
-22428,-85595
-13166,-58985
-13555,-58736
-14890,-57797
-14659,-57797
-12419,-57797
-21605,-81523
-23328,-89507
-23092,-89507
-19306,-73883
-17027,-54107
-10524,-54107
-10525,-54106
-9731,-51017
-9732,-51016
-11176,-49835
-9359,-49835
-11177,-49834
-11694,-48314
-9208,-48314
-9205,-48313
-20399,-77290
-13140,-58818
-9071,-47551
-11219,-55506
-21395,-80504
-14552,-61204
-18243,-70049
-18075,-70049
-24863,-56281
-18245,-56281
-18051,-56281
-11599,-56281
-14673,-55957
-11757,-55954
-19097,-55953
-21877,-55952
-12840,-51558
-9887,-51557
-26398,-72480
-18174,-70345
-21400,-77450
-19492,-74326
-18352,-70931
-22442,-85743
-21332,-80404
-18151,-70229
-21176,-79804
-18148,-70224
-18160,-70250
-18149,-70225
-18168,-70313
-18284,-70726
-18147,-70204
-13412,-58641
-12835,-55407
-13327,-59123
-18042,-57432
-15101,-57432
-25833,-92168
-23587,-92168
-26282,-92167
-26281,-92167
-24993,-92167
-18510,-57179
-14926,-57179
-18569,-62817
-18569,-62816
-15279,-62816
-22855,-87954
-13554,-59586
-19195,-71054
-18407,-71054
-19195,-71053
-20622,-76908
-20265,-76907
-29479,-117506
-29479,-117505
-21763,-81645
-21763,-81644
-13649,-59869
-26557,-103329
-26557,-103328
-3468,-3433
-3565,-20613
-3575,-20626
-23153,-20625
-1671,-8276
-20194,-76366
-25027,-96744
-25026,-96743
-21738,-82024
-11442,-55870
-21266,-80103
-25398,-98203
-19160,-73296
-18739,-71964
-12975,-57833
-15724,-63765
-16492,-65357
-21598,-58962
-13202,-58962
-22820,-63594
-15612,-63594
-13842,-60015
-18660,-60014
-13841,-60013
-13951,-60163
-18658,-60162
-13952,-60161
-23087,-89470
-23088,-89469
-15172,-62575
-23070,-89407
-23112,-89648
-23370,-90928
-18916,-72638
-24312,-72637
-22396,-84391
-19023,-72026
-19122,-70565
-23206,-90167
-24106,-84985
-22263,-84768
-21168,-78485
-20817,-78485
-20993,-78325
-21614,-81544
-21302,-80228
-21453,-80825
-21919,-82944
-22571,-86387
-24110,-86386
-25965,-86385
-19367,-74029
-19366,-74028
-18719,-71860
-21433,-76770
-20233,-76769
-19390,-70328
-25648,-94475
-27590,-108641
-25131,-96463
-25131,-96462
-26662,-81507
-26661,-81507
-23380,-81507
-26661,-81506
-23379,-81506
-21385,-80650
-21384,-80528
-20632,-78107
-24865,-96600
-24764,-79963
-21224,-79963
-21785,-82164
-24821,-96489
-24959,-96491
-22538,-86164
-22514,-86084
-26118,-100775
-26011,-100775
-26010,-100774
-23093,-88935
-23545,-88934
-23581,-85912
-13570,-59630
-1373,-5349
-1268,-6182
-19688,-6179
-1267,-6121
-23044,-89254
-15806,-63889
-1369,-5318
-1370,-5312
-1442,-5356
-1443,-5355
-1563,-5365
-17734,-68840
-14666,-61507
-14253,-60701
-13737,-59888
-8035,-43394
-7923,-42781
-8047,-3153
-2901,-3152
-692,-3151
-4637,-2689
-4872,-2686
-8049,-2684
-590,-2683
-5590,-31583
-2931,-17252
-3284,-19138
-20302,-76978
-22188,-76976
-23240,-76975
-24046,-76974
-24872,-76973
-25728,-76972
-4965,-28399
-12443,-57515
-5677,-32063
-10739,-28719
-7601,-28719
-5045,-28719
-16322,-64955
-1085,-5266
-1082,-5264
-24456,-95479
-841,-3899
-1344,-6617
-2242,-12855
-4816,-12854
-13522,-12853
-12715,-12853
-26718,-76050
-20052,-76049
-1176,-5714
-972,-4694
-261,-1238
-3764,-1236
-4927,-1235
-805,-3696
-4811,-3694
-1992,-10968
-1737,-9286
-17843,-69200
-24875,-96607
-5403,-17293
-2934,-17292
-8811,-44436
-24220,-95235
-22987,-63685
-15679,-63684
-6854,-37668
-165,-150
-15723,-63725
-24416,-95378
-24279,-95377
-2953,-17412
-11068,-55208
-14817,-55206
-1348,-6618
-7609,-9285
-1735,-9285
-19668,-63446
-25168,-63445
-17846,-69210
-15784,-63865
-18005,-69742
-376,-1514
-677,-3114
-13562,-16417
-3145,-16416
-20961,-16415
-22726,-16414
-8656,-44483
-13520,-44482
-26404,-45708
-8895,-45708
-15344,-62998
-13724,-59786
-5185,-29322
-9702,-50856
-7746,-42072
-9794,-51237
-7404,-30242
-5322,-30242
-5121,-29023
-25662,-99261
-7684,-39406
-7208,-39406
-7364,-40452
-22715,-87184
-7624,-41597
-7029,-38592
-7028,-38592
-7027,-38592
-13690,-59726
-4552,-25699
-4289,-22784
-16605,-65577
-25709,-99437
-12914,-58197
-17353,-58196
-13029,-58056
-17199,-58055
-23589,-58054
-23590,-58053
-13052,-58584
-25477,-58583
-11695,-55551
-11828,-55273
-17086,-55272
-22202,-84464
-25292,-84463
-22357,-85264
-24192,-85263
-16935,-64417
-20643,-64412
-15844,-63206
-13631,-59143
-14396,-60867
-16654,-65760
-944,-4553
-19119,-4552
-11784,-56574
-12096,-56989
-15898,-64097
-20594,-64096
-13693,-59813
-8950,-9625
-1791,-9624
-8453,-45078
-6349,-35067
-6351,-35068
-1414,-6930
-1414,-6928
-5381,-30527
-22641,-86825
-21921,-83346
-11071,-55216
-17006,-55215
-24449,-95557
-7344,-40233
-22034,-83587
-25058,-83586
-27547,-108284
-417,-1968
-598,-2778
-2169,-12289
-7136,-12288
-15452,-12287
-26464,-12286
-23055,-57172
-26524,-103121
-26183,-101665
-28474,-113893
-26526,-103103
-22163,-84229
-20002,-75908
-16264,-6521
-24070,-6520
-1304,-6520
-21239,-80006
-25711,-99442
-21443,-80763
-16917,-66840
-19969,-75852
-21995,-83390
-25540,-83389
-21996,-83388
-249,-1015
-14541,-1014
-16414,-1013
-16251,-1013
-24079,-1012
-22737,-66683
-16955,-66683
-17191,-66682
-20989,-79251
-16685,-65805
-13743,-59908
-1399,-6807
-24902,-96651
-1172,-5706
-1975,-5705
-13861,-60040
-13866,-60058
-12312,-56935
-12856,-56932
-12856,-56931
-12575,-57795
-28443,-113706
-28302,-113111
-19707,-56099
-11538,-56097
-26612,-56092
-25881,-62940
-15314,-62940
-24006,-62939
-20606,-77955
-21520,-77954
-20606,-77954
-11565,-5875
-1206,-5875
-18175,-60466
-14145,-60466
-14196,-60621
-4294,-969
-219,-968
-3197,-578
-137,-578
-166,-743
-16638,-65737
-11205,-55468
-23699,-55466
-25346,-64616
-23844,-64614
-18958,-64613
-16151,-64612
-24966,-96687
-9711,-50956
-25407,-98228
-19159,-72004
-18762,-72004
-294,-1300
-3961,-22867
-6254,-22866
-9955,-22865
-7653,-41774
-24882,-96608
-4245,-24805
-24792,-24804
-23796,-93170
-10134,-52664
-15883,-61693
-14753,-61693
-6903,-37948
-7000,-38458
-7952,-42974
-6569,-36266
-7478,-41051
-17879,-69102
-6753,-37086
-10967,-55045
-460,-2120
-22978,-88609
-23725,-88608
-19388,-74056
-19029,-72898
-21337,-76005
-19927,-75765
-3175,-18597
-2468,-14448
-7119,-39026
-2598,-15329
-2712,-15972
-4897,-27950
-4123,-24058
-2872,-16932
-14205,-24567
-4210,-24567
-4364,-24566
-4211,-24562
-12298,-57290
-13222,-58997
-17061,-50034
-9539,-50033
-25428,-98296
-18010,-69763
-19735,-69762
-21008,-69761
-2095,-11772
-5225,-11771
-9985,-11770
-5225,-11770
-12818,-11769
-11379,-11769
-15914,-11767
-866,-4753
-9406,-49933
-22934,-70646
-15751,-63663
-7060,-38738
-18276,-38737
-7889,-40951
-15952,-64225
-7736,-41991
-11968,-56829
-12369,-57053
-20084,-68580
-18162,-68580
-27084,-105706
-4429,-25579
-17975,-69620
-17886,-69320
-1325,-6457
-12286,-57283
-3963,-23099
-12620,-57916
-7552,-41331
-11477,-55973
-9225,-35491
-26458,-48915
-13592,-48914
-9307,-48912
-9193,-47853
-26460,-47852
-9195,-47851
-21047,-60602
-14405,-60602
-14191,-60602
-7327,-40150
-8244,-44376
-2778,-16352
-4984,-28479
-2512,-14713
-6825,-14707
-17258,-67380
-15772,-63803
-15162,-62556
-651,-3033
-14865,-3032
-8445,-3032
-723,-3396
-19272,-73683
-4492,-25819
-7885,-31904
-5639,-31904
-2291,-13185
-21737,-82023
-21736,-82023
-15715,-63634
-11572,-56129
-11573,-56128
-5879,-33043
-16422,-65214
-11475,-55972
-6120,-34185
-14289,-60741
-14424,-60946
-13715,-59832
-14733,-61653
-14733,-61653
-12399,-57512
-6064,-33945
-9701,-50836
-6129,-34205
-6651,-36606
-18829,-72272
-19121,-73159
-6096,-34626
-19198,-73459
-14471,-61086
-12248,-36068
-9707,-36068
-6540,-36068
-14325,-36067
-18309,-36066
-5177,-28746
-7063,-28745
-5060,-28743
-6560,-36234
-6808,-36233
-8814,-36231
-7065,-36231
-6031,-33986
-18960,-33985
-17769,-33985
-6032,-33985
-17652,-68620
-11414,-55826
-11162,-55366
-25099,-96725
-21775,-82143
-3318,-19397
-3015,-17755
-1301,-6321
-975,-4977
-2910,-17092
-2446,-14308
-2573,-15045
-24525,-95781
-7634,-41651
-2424,-14065
-5359,-30483
-1071,-5226
-7407,-40671
-24869,-96604
-9080,-47691
-16823,-66153
-23216,-66152
-7562,-41171
-7522,-30249
-9916,-30246
-5324,-30243
-5558,-31284
-16781,-66147
-10789,-54665
-15066,-62355
-13063,-58656
-6750,-37067
-2166,-12185
-12542,-57734
-9104,-47897
-8141,-43821
-3019,-17735
-2075,-11525
-22593,-17192
-2920,-17192
-1984,-10921
-22389,-85424
-14323,-60805
-8242,-44357
-3137,-18335
-21746,-82043
-12469,-57612
-6607,-36368
-9036,-47410
-6490,-35726
-4502,-25879
-6211,-16893
-2865,-16893
-22616,-86584
-1926,-10436
-26290,-101974
-1606,-8379
-15157,-62389
-17904,-62388
-15070,-62388
-13114,-58098
-12743,-58098
-12742,-58097
-15606,-63543
-15178,-62598
-15110,-62598
-8491,-45158
-1907,-10621
-26414,-102424
-12861,-58316
-25288,-97724
-15281,-62858
-15308,-62857
-317,-1240
-11483,-7734
-1539,-7734
-16164,-7733
-1538,-7733
-22790,-87644
-22478,-81226
-12864,-58317
-897,-4234
-26306,-102011
-1892,-10224
-1895,-10221
-21084,-78023
-21013,-79355
-3231,-18896
-10019,-52206
-6371,-35106
-19200,-73460
-3297,-19157
-2177,-12345
-5942,-33347
-5896,-33283
-4435,-26539
-18547,-71451
-4496,-25459
-18548,-71456
-8176,-44036
-4439,-25640
-4206,-24538
-6964,-38274
-13573,-38273
-14112,-38272
-5863,-783
-2158,-783
-171,-783
-12012,-11305
-2039,-11305
-7303,-39994
-3155,-18435
-2877,-16992
-26727,-104030
-5521,-31183
-25459,-98443
-9969,-51963
-5145,-29102
-25490,-98524
-21794,-82203
-14550,-61195
-24061,-94644
-14740,-61674
-8650,-45886
-19112,-73138
-7662,-41732
-19769,-75227
-8654,-45926
-7452,-40970
-24983,-96701
-11182,-55426
-8688,-43202
-24981,-43201
-26264,-43200
-7972,-43180
-15007,-62236
-8571,-45503
-8032,-43354
-26032,-43336
-19963,-43336
-27169,-106141
-9057,-47511
-996,-4815
-2565,-14985
-2733,-418
-103,-418
-9679,-50675
-14103,-60402
-5112,-28982
-9375,-49133
-17829,-46989
-5406,-30603
-6571,-36272
-9262,-48634
-9262,-48633
-9261,-48632
-14624,-61387
-3867,-22397
-828,-3792
-13498,-45059
-8512,-45058
-9373,-49113
-14113,-49112
-14339,-60821
-14451,-60986
-11621,-56320
-13738,-8537
-7391,-8536
-1619,-8534
-925,-4412
-21068,-59404
-13453,-59403
-2334,-13506
-14546,-61194
-6553,-36155
-20806,-36146
-12418,-57532
-6344,-35046
-4141,-24218
-1806,-9743
-4655,-12827
-21355,-12826
-15753,-63888
-15753,-46027
-8686,-46027
-2144,-12008
-1116,-5428
-20175,-11947
-4651,-11946
-6138,-34209
-25504,-98644
-15757,-55708
-11342,-55708
-9841,-51397
-23463,-80928
-23824,-80927
-22567,-86346
-1716,-8513
-23390,-79728
-25691,-79727
-4894,-27947
-24387,-50674
-24174,-50674
-9813,-50674
-9676,-50673
-8137,-43819
-8848,-46689
-8816,-46688
-7265,-39690
-20391,-77272
-15217,-62736
-14922,-62040
-12333,-56056
-11505,-56056
-20413,-77297
-9040,-47411
-6700,-37366
-20407,-77296
-15242,-43822
-15183,-43822
-8144,-43822
-4297,-25042
-7959,-25041
-20411,-25040
-21232,-25039
-15933,-64171
-13637,-59204
-113,-438
-115,-437
-3332,-19337
-1102,-5396
-2459,-14206
-3049,-17875
-1130,-5510
-1132,-5508
-16762,-66099
-18507,-71369
-4680,-27039
-6020,-33845
-7476,-41031
-18500,-71329
-1468,-7247
-7390,-40550
-8920,-47230
-1611,-8453
-1226,-5937
-15309,-62923
-22778,-62919
-20936,-62918
-15387,-63086
-22181,-84292
-17636,-68549
-21713,-68547
-8914,-47190
-8915,-47189
-16723,-65958
-16722,-65957
-22558,-86324
-19278,-73830
-17020,-66860
-10632,-54345
-10227,-15406
-2624,-15406
-10227,-15405
-26647,-103681
-23360,-90887
-22423,-85651
-24761,-20140
-3460,-20140
-13194,-58937
-24354,-95444
-24259,-95358
-14978,-62157
-21070,-79548
-15143,-62515
-24896,-96650
-23515,-91867
-3538,-20420
-5333,-30323
-18557,-71494
-16269,-64896
-22527,-86126
-22850,-86125
-10047,-52243
-21625,-81603
-16390,-65135
-23318,-65134
-24910,-65133
-21011,-79306
-17459,-68100
-18512,-71400
-21853,-82543
-22456,-85827
-525,-2464
-20996,-25519
-4421,-25519
-25581,-98942
-5446,-30805
-16172,-30804
-3445,-20019
-22395,-85487
-1990,-10943
-50,-232
-8347,-231
-18354,-230
-20753,-229
-10902,-55032
-24037,-64573
-16126,-64573
-19673,-64552
-2050,-11383
-463,-2140
-14070,-60364
-8120,-43774
-18528,-71373
-21476,-71371
-12046,-56909
-24288,-95381
-19721,-54026
-10505,-54025
-8349,-44736
-1000,-4835
-21026,-79364
-4930,-28039
-2433,-14231
-21552,-81168
-13998,-16034
-10903,-16033
-2717,-16032
-11541,-54205
-1903,-10301
-8551,-45422
-20111,-75749
-24318,-75748
-10955,-55025
-23024,-89111
-11800,-16674
-18904,-16673
-2811,-16672
-11748,-51486
-24592,-51485
-22782,-51484
-9870,-51484
-9815,-51325
-22864,-51324
-17629,-68546
-18161,-70261
-18747,-71948
-24614,-71946
-18835,-72294
-17108,-57696
-17108,-57695
-24136,-57694
-12498,-57692
-602,-2816
-2629,-15512
-18754,-19018
-3272,-19016
-15444,-63202
-14643,-27101
-4683,-27101
-21854,-82551
-8351,-44737
-6249,-34726
-467,-2143
-464,-2072
-3442,-2069
-21992,-81741
-21649,-81739
-1311,-6417
-13654,-59766
-5994,-33685
-16369,-65035
-20737,-65034
-20964,-79165
-21642,-81648
-23138,-81647
-6937,-38172
-17743,-69060
-17726,-68780
-18089,-70005
-18717,-71855
-19683,-74905
-15780,-63869
-24975,-84087
-22141,-84087
-24680,-84086
-22142,-84084
-18057,-70152
-18714,-70087
-18786,-72075
-26658,-103712
-17469,-68183
-24826,-96499
-23384,-91087
-19514,-74402
-18646,-71700
-21214,-79943
-17502,-68202
-17729,-68800
-17357,-67760
-12354,-57431
-15870,-64053
-5137,-29082
-16933,-66660
-22333,-63667
-15630,-63666
-6555,-36209
-7496,-36208
-15533,-36207
-16148,-36206
-19664,-74865
-18058,-69967
-18746,-71950
-21207,-79924
-21661,-81772
-21658,-81771
-22407,-83126
-24677,-83125
-21944,-83125
-24141,-94958
-23083,-84837
-22290,-84834
-21005,-79291
-21878,-79290
-22063,-83733
-22063,-83732
-23285,-83730
-5698,-32186
-5698,-32185
-22992,-32184
-25812,-99841
-5812,-32706
-14963,-32705
-24587,-32704
-27982,-111363
-4595,-26821
-18024,-26820
-21815,-82365
-22201,-82364
-8537,-45360
-20526,-77754
-20526,-77753
-24701,-77752
-523,-2423
-24051,-94573
-20781,-78263
-48,-160
-4073,-23798
-5784,-32507
-24302,-32504
-10517,-54085
-12116,-57009
-25865,-100103
-732,-3393
-16627,-65638
-6544,-36087
-16934,-66641
-17869,-69303
-21810,-69302
-20887,-78764
-13417,-59338
-23071,-87428
-22772,-87427
-18374,-70910
-11569,-55148
-15343,-55146
-12299,-57291
-10156,-52764
-15671,-52763
-20616,-77794
-21871,-77793
-15673,-63676
-24743,-63675
-9102,-47893
-11123,-55306
-24462,-95562
-12335,-57372
-26401,-102402
-26401,-102390
-26401,-102389
-17714,-68755
-15982,-64294
-24807,-96479
-16622,-65658
-16620,-65658
-16620,-65657
-12129,-57051
-4693,-27159
-18290,-70746
-4127,-24078
-26215,-101772
-14687,-61553
-2005,-11103
-2090,-11685
-7189,-39346
-2082,-11647
-2088,-11646
-19174,-73345
-6884,-37808
-13072,-58676
-9469,-49652
-11452,-55927
-4602,-26600
-4603,-26599
-9360,-49081
-9361,-49079
-6696,-20604
-3573,-20603
-3574,-20602
-24154,-13336
-4740,-13332
-2315,-13332
-11395,-53103
-10403,-53103
-6620,-36417
-6621,-36416
-7588,-41451
-4475,-25784
-4476,-25782
-3944,-22724
-3947,-22723
-4028,-23580
-12943,-23578
-9566,-50133
-10194,-38372
-6985,-38372
-1623,-8555
-4380,-8554
-1622,-8535
-9648,-18036
-14259,-18035
-3067,-18035
-8554,-45262
-15102,-62455
-1078,-5255
-11423,-55851
-6801,-37368
-9336,-49353
-5082,-28902
-11458,-55951
-4071,-23899
-4051,-23898
-7583,-26881
-4652,-26880
-4650,-26879
-4383,-25359
-1279,-6188
-639,-2958
-11630,-56348
-11534,-56073
-1072,-5188
-10023,-5187
-4217,-24619
-4204,-24618
-20591,-12308
-2272,-12166
-1948,-10698
-23784,-10696
-2545,-14826
-9109,-14825
-2544,-14806
-3182,-18781
-3183,-18780
-5743,-32325
-10767,-32324
-10485,-32324
-5744,-32323
-6624,-36448
-6625,-36447
-14153,-60503
-24635,-60502
-24216,-60502
-24361,-60501
-14152,-60501
-2191,-12409
-13493,-59466
-1585,-1596
-355,-1596
-220,-970
-17712,-68754
-10913,-1299
-290,-1299
-9599,-50373
-13614,-59686
-13508,-59200
-1477,-7288
-150,-621
-10793,-54686
-14413,-60927
-7243,-39570
-8575,-44721
-10700,-44720
-11948,-44719
-13749,-44718
-21801,-44716
-14357,-60863
-21923,-1781
-387,-1780
-3768,-20346
-6135,-20345
-988,-5251
-21804,-82243
-337,-1515
-22886,-88369
-22331,-85204
-6336,-35011
-22066,-83386
-25874,-83385
-8,-40
-4474,-39
-22369,-85309
-4300,-25078
-10750,-54645
-9803,-49595
-9803,-49594
-11239,-49593
-21560,-49592
-17838,-69342
-18673,-69341
-1576,-8118
-10820,-8117
-14101,-60445
-2302,-13529
-9302,-48876
-19262,-73646
-20722,-73645
-19519,-74247
-887,-4153
-19379,-74048
-16967,-60973
-795,-3658
-4729,-3657
-13989,-3656
-27631,-108882
-1867,-10021
-6950,-26321
-5788,-26321
-8203,-26320
-7434,-40532
-14638,-40531
-26382,-40530
-8877,-46890
-9983,-52043
-14037,-60223
-21226,-79964
-10447,-53883
-4594,-26621
-2156,-12106
-5819,-32743
-22796,-87565
-14364,-60885
-14363,-60882
-4883,-27948
-3941,-22697
-1437,-6645
-17011,-66800
-9987,-52083
-23343,-28223
-4916,-28223
-23108,-28222
-11347,-55709
-12661,-57993
-2933,-17272
-21198,-79745
-12893,-43074
-7956,-43014
-7693,-41811
-7378,-40490
-635,-2955
-8408,-2954
-21817,-2951
-915,-4334
-1875,-10182
-1874,-10165
-5580,-31345
-15146,-31344
-21521,-58538
-13022,-58537
-20665,-77957
-27413,-107406
-24247,-78505
-24559,-78504
-20822,-78503
-27394,-107381
-18271,-70668
-12610,-57873
-1159,-5632
-23697,-5623
-5131,-29171
-7318,-29170
-24824,-29169
-14993,-29166
-24245,-95305
-21405,-80643
-274,-1279
-274,-1214
-1487,-7335
-10836,-54765
-5912,-32457
-16658,-32451
-22681,-32449
-13705,-32449
-5913,-32448
-26185,-32447
-26186,-32443
-15895,-64089
-23595,-64088
-18157,-70234
-1043,-5035
-25021,-96760
-15328,-62977
-17673,-68700
-11169,-55406
-5764,-31470
-5765,-31467
-5693,-30525
-5694,-30524
-5614,-31746
-6451,-31744
-5610,-31743
-4720,-27462
-19360,-74006
-7268,-39710
-6469,-35626
-12698,-58018
-12696,-58016
-3722,-21436
-20798,-78403
-9477,-49752
-632,-2910
-22199,-84450
-13644,-59747
-21048,-79443
-20883,-78763
-12358,-57451
-4479,-25849
-8785,-25848
-164,-723
-9508,-45747
-13859,-60038
-13292,-46708
-8819,-46708
-14326,-46693
-22306,-84945
-9767,-51156
-10617,-54325
-9728,-50996
-9331,-48972
-10512,-54006
-15341,-62997
-12346,-57395
-15472,-63261
-19426,-74145
-15226,-62755
-8100,-21977
-3813,-21977
-17221,-67245
-8697,-46081
-25933,-46080
-6387,-35207
-23214,-90107
-13894,-60121
-613,-2708
-12619,-57893
-26059,-101141
-7280,-39777
-17338,-67724
-25017,-96742
-7171,-39249
-12832,-58241
-17825,-58240
-22833,-58239
-2579,-15091
-15372,-63039
-12410,-57522
-8678,-2990
-8678,-2989
-13139,-58817
-9185,-48253
-529,-2470
-26889,-104912
-11371,-3090
-671,-2979
-26402,-102381
-12693,-58014
-7498,-41073
-7480,-41070
-7775,-42132
-19228,-73544
-13849,-29542
-4987,-28503
-22278,-28502
-4985,-28501
-5507,-30970
-5494,-30969
-12544,-57752
-5993,-33732
-6615,-33731
-8422,-33730
-6616,-36407
-10282,-39910
-7174,-39386
-19427,-43969
-8166,-43967
-8202,-43956
-23873,-59304
-13394,-59299
-14167,-60542
-1494,-7351
-23433,-91367
-14144,-60461
-4914,-27942
-7804,-41596
-10353,-53564
-4980,-28459
-885,-4146
-22335,-85046
-8292,-44538
-19253,-73623
-12146,-57055
-19954,-36255
-26397,-36247
-6543,-36086
-26266,-72186
-18843,-72186
-17980,-69681
-17981,-69680
-22774,-87444
-24970,-96688
-1314,-6422
-23439,-6421
-25820,-6420
-1482,-7317
-14853,-61934
-2824,-16699
-14129,-16698
-14670,-16697
-2825,-16696
-4214,-24598
-12905,-58201
-7045,-38652
-18122,-70151
-16105,-64495
-26180,-101664
-26907,-105043
-15450,-63214
-11690,-56448
-10936,-54969
-24652,-96185
-21322,-80344
-13472,-59445
-6347,-35066
-5254,-28519
-7935,-42639
-8362,-42638
-17170,-67161
-25682,-99322
-25307,-97822
-25053,-96825
-21109,-79603
-13767,-59928
-5157,-27762
-2671,-15721
-15055,-15720
-17627,-15719
-14273,-26620
-5049,-26619
-5202,-29464
-9328,-29462
-9314,-48952
-5629,-31843
-7544,-41291
-487,-2260
-8107,-11706
-2092,-11706
-2241,-14365
-23986,-94214
-7803,-42311
-15410,-63120
-7720,-41891
-8410,-44878
-1259,-6076
-8326,-44657
-349,-1592
-16313,-64945
-14016,-60249
-1047,-5044
-18217,-70426
-8320,-44616
-1097,-5320
-360,-1597
-904,-4243
-4967,-28379
-816,-3735
-29829,-118593
-29829,-118573
-9481,-49772
-4249,-24818
-17476,-22658
-3934,-22658
-19565,-22657
-655,-3047
-702,-3170
-23959,-93152
-2500,-16532
-1435,-6988
-11963,-48553
-9243,-48553
-6117,-34165
-2471,-14449
-1374,-6656
-1284,-6189
-747,-3411
-12347,-57412
-3729,-21500
-3323,-14665
-2514,-14665
-395,-1841
-395,-1840
-7178,-39306
-2518,-14669
-1292,-6220
-11910,-45441
-8557,-45441
-11910,-42494
-7847,-42494
-1742,-9361
-5735,-32424
-5808,-32684
-923,-4452
-970,-4275
-920,-4372
-5609,-31723
-15375,-63023
-21004,-79284
-23491,-91727
-23337,-90768
-19589,-74645
-16624,-65660
-19622,-74666
-800,-3673
-16546,-3793
-811,-3590
-1218,-4274
-910,-4272
-10378,-53663
-21162,-79783
-18783,-72104
-3540,-20421
-14941,-62086
-5432,-28669
-26177,-28668
-26468,-28667
-14774,-61739
-5227,-29606
-11960,-29605
-16784,-66154
-16742,-66056
-16741,-65398
-9132,-7979
-9590,-7978
-15276,-7974
-1565,-7973
-16086,-64472
-13346,-51338
-7934,-42814
-19001,-72799
-22927,-88390
-22748,-87570
-19906,-75645
-16666,-65785
-7928,-42555
-22867,-87990
-19966,-75845
-8522,-45280
-7921,-42774
-3248,-18997
-3250,-18996
-7218,-39408
-13084,-58716
-13084,-57191
-12242,-57191
-10335,-53524
-7842,-42594
-4431,-25599
-3721,-21435
-3732,-21541
-7237,-39530
-14648,-61452
-13290,-59057
-12584,-57834
-15448,-63213
-23386,-91107
-15287,-62860
-3124,-18255
-11802,-25621
-6213,-25621
-1471,-7270
-7703,-41851
-7949,-42936
-15210,-42935
-7018,-25620
-6214,-25620
-3983,-23039
-6916,-25619
-6157,-25619
-170,-785
-6456,-17692
-3000,-17692
-4375,-25319
-2466,-14447
-2898,-11666
-8142,-43820
-21781,-75593
-12140,-57054
-19004,-72801
-314,-1459
-9762,-15713
-2668,-15712
-12310,-13805
-2386,-13805
-17453,-68048
-26082,-68047
-12007,-56871
-28093,-111805
-17417,-68060
-12886,-58378
-9105,-47911
-2194,-12465
-2216,-12685
-9242,-48552
-3525,-20360
-17619,-23279
-4008,-23278
-3837,-22238
-7869,-42574
-15667,-57917
-12634,-57917
-1303,-6341
-19103,-73116
-11298,-55646
-22500,-34008
-6070,-34008
-23098,-89529
-19901,-75907
-24235,-95299
-24957,-86924
-22664,-86924
-7087,-38872
-22824,-87748
-10545,-54145
-24249,-95306
-20843,-78603
-24227,-95275
-22543,-86186
-10021,-48252
-9178,-48252
-10021,-48251
-9178,-48251
-22601,-86509
-20249,-76847
-15299,-62900
-17409,-62897
-15297,-62897
-24251,-87505
-22749,-87504
-12068,-56949
-23976,-90128
-23217,-90127
-7898,-42655
-6759,-37126
-24065,-86904
-22659,-86904
-20621,-77810
-20178,-30946
-14920,-30944
-5488,-30943
-3039,-17855
-16561,-65480
-3601,-20715
-4688,-27120
-8693,-46087
-12998,-57534
-16589,-57533
-14019,-57533
-12712,-58065
-16586,-65539
-13557,-59363
-12798,-28092
-21431,-28090
-1355,-6638
-1336,-6565
-6487,-35689
-4402,-25428
-19258,-25423
-11823,-25421
-4403,-25419
-8126,-43794
-2708,-15952
-17911,-69400
-7575,-41413
-2842,-16832
-13589,-59646
-11278,-55615
-1453,-6667
-25595,-77952
-26509,-102982
-26331,-12097
-2014,-12096
-23524,-84547
-22193,-84449
-1997,-11081
-16945,-11077
-21096,-11076
-17065,-9953
-17066,-9952
-17067,-9951
-17068,-9950
-17069,-9949
-19745,-9945
-2179,-9942
-11941,-45463
-8562,-45463
-7223,-39427
-5783,-21058
-3647,-21058
-14651,-61453
-12937,-58464
-5199,-29442
-18466,-71229
-18840,-72311
-14237,-60685
-3490,-20223
-95,-300
-2349,-298
-1441,-7026
-52,-242
-2413,-239
-15440,-63180
-9453,-49552
-11265,-55586
-21303,-80064
-22670,-80063
-13668,-24238
-15734,-24220
-4142,-24219
-11642,-56364
-19164,-73299
-8250,-44378
-6257,-16453
-2787,-16452
-10154,-52743
-1596,-8356
-3409,-8355
-23090,-89427
-22896,-88249
-6909,-37968
-12561,-57772
-5560,-31285
-7817,-42351
-22585,-86464
-21951,-83168
-21952,-83167
-11628,-56346
-7913,-42754
-12368,-57477
-2408,-13987
-9092,-47772
-9091,-47771
-8957,-47129
-8230,-44316
-14263,-60721
-11384,-55787
-19342,-73985
-25818,-99866
-3171,-18576
-3198,-18575
-1368,-6644
-15010,-62237
-6876,-37748
-19658,-74769
-24935,-96659
-22473,-77851
-20689,-77850
-20649,-77850
-24522,-93211
-23805,-93210
-7455,-40971
-20542,-77637
-1412,-6926
-336,-1513
-3075,-18075
-6794,-37306
-15623,-63623
-25226,-97564
-5503,-31024
-3951,-21439
-4170,-21438
-10367,-53623
-25303,-97765
-14771,-61734
-14770,-61733
-319,-1490
-26666,-101963
-26270,-101961
-25036,-96779
-14675,-61513
-18084,-70002
-24030,-70001
-3488,-20222
-1390,-6966
-2992,-17675
-1764,-7894
-1774,-7893
-1559,-7893
-16915,-66579
-296,-1379
-15971,-64285
-11687,-56446
-1944,-7290
-1516,-7289
-1834,-9962
-4598,-26640
-2781,-16372
-2257,-13008
-4808,-27699
-22679,-73664
-19269,-73663
-133,-558
-24644,-80585
-17392,-67885
-10574,-54225
-20290,-76947
-17360,-67780
-21179,-79805
-20772,-78224
-21000,-57183
-12236,-57183
-7199,-39366
-9068,-47573
-20953,-79092
-15763,-63308
-17030,-63305
-18928,-63310
-17124,-63310
-17125,-63309
-15496,-63309
-4834,-27785
-20304,-76980
-7124,-39066
-5312,-30142
-5310,-30122
-6356,-35096
-1567,-7993
-8791,-46568
-1912,-10370
-1524,-7572
-22609,-86525
-15331,-62980
-22465,-85864
-7252,-39670
-7143,-39188
-5550,-31263
-1171,-5694
-9003,-47291
-14163,-47290
-15726,-46515
-17633,-46513
-8793,-46512
-20337,-46508
-8792,-38028
-9595,-50578
-11882,-50577
-13108,-50576
-15760,-50575
-20314,-50574
-20785,-50333
-1769,-9561
-4532,-26179
-9051,-47471
-7419,-40790
-3874,-22440
-1953,-10784
-919,-4354
-918,-4353
-25056,-4352
-8034,-43374
-8762,-46347
-7502,-41092
-233,-1033
-19626,-74768
-10423,-53843
-9877,-51497
-17964,-69640
-8699,-45986
-13556,-45764
-8618,-45764
-515,-2340
-6707,-36786
-2200,-12505
-2597,-12245
-2167,-12245
-7357,-40430
-10137,-52683
-2692,-15853
-11246,-55566
-9197,-48283
-26487,-102821
-9487,-50173
-26516,-46668
-8976,-46668
-19409,-74085
-8880,-46629
-7217,-39490
-1397,-6806
-5072,-26406
-7800,-26405
-4171,-20877
-4116,-22040
-6611,-22039
-7215,-22038
-3985,-23078
-6201,-34886
-4881,-27912
-17987,-69700
-3326,-19378
-15358,-63019
-12504,-57697
-17989,-69480
-11222,-55526
-25778,-99649
-8235,-44056
-6504,-35846
-4736,-27439
-8181,-44076
-8186,-44116
-8188,-44117
-8184,-44096
-14513,-61092
-12695,-58015
-12265,-57231
-881,-4113
-524,-2443
-259,-1175
-9074,-47593
-16436,-47591
-5260,-29890
-10965,-29889
-16211,-64752
-3122,-18236
-5662,-18235
-3383,-20143
-9937,-20142
-11133,-20141
-18126,-67160
-17167,-67160
-435,-2042
-6765,-641
-435,-641
-180,-641
-2068,-11443
-776,-3510
-15515,-63321
-13830,-60281
-12371,-33887
-6041,-33887
-21374,-62557
-15166,-62557
-14696,-61574
-4134,-24138
-5130,-29063
-4732,-27421
-1710,-9156
-1389,-6746
-5977,-33585
-2631,-15532
-18183,-70387
-18181,-70386
-8830,-46768
-5971,-23501
-4185,-23501
-4026,-23501
-2372,-13707
-10209,-53024
-10209,-53023
-14575,-61265
-3692,-21275
-16814,-66198
-14464,-61005
-5079,-28883
-198,-908
-5777,-32603
-20970,-79187
-2037,-11303
-618,-2890
-12437,-57553
-13843,-60017
-13843,-60016
-13054,-58696
-14802,-61781
-19398,-61780
-15155,-62535
-14772,-61738
-18644,-61737
-21412,-61735
-5249,-29763
-24900,-29762
-5992,-33666
-18598,-63673
-17802,-63673
-23917,-63671
-1330,-6526
-17104,-63350
-24709,-63349
-17637,-63352
-22145,-63346
-18009,-63346
-17871,-64005
-22539,-86168
-7553,-41352
-7479,-39248
-18065,-69981
-26750,-69980
-10272,-53186
-10301,-53408
-18060,-69963
-16617,-65639
-17746,-68917
-11990,-56855
-10230,-53043
-22387,-85423
-12981,-58527
-25457,-98442
-9801,-49273
-9394,-49273
-10105,-49272
-1294,-6256
-1592,-8326
-7039,-38552
-7004,-38472
-13852,-60018
-9796,-51238
-4970,-28420
-5114,-29002
-5247,-29743
-5246,-29742
-7907,-42674
-7541,-41254
-7541,-41253
-2160,-12146
-2400,-14005
-2252,-12945
-2301,-13168
-8399,-13167
-8851,-46852
-7366,-40410
-4806,-27639
-2419,-14025
-13329,-59124
-2804,-16592
-6986,-38392
-1786,-9741
-14311,-60801
-19143,-73236
-8715,-46089
-8698,-46088
-8523,-45201
-8514,-45200
-13893,-60120
-12329,-57356
-4800,-27680
-351,-1535
-161,-726
-158,-721
-1154,-5588
-342,-1555
-15042,-53363
-10183,-52843
-7082,-38832
-3040,-17856
-3733,-18756
-10181,-18755
-12002,-56869
-3633,-20994
-14378,-60905
-17614,-67927
-1297,-6276
-3431,-19925
-7413,-40744
-9754,-50213
-13051,-58576
-7250,-39612
-16226,-64806
-17425,-67980
-9108,-47991
-893,-4176
-22064,-83735
-22752,-83734
-318,-1488
-14304,-1487
-8101,-43674
-3838,-22259
-6866,-22258
-9585,-22257
-3727,-21477
-12949,-21475
-16508,-21474
-20773,-21466
-26244,-21464
-1923,-10242
-3120,-18795
-13543,-22545
-3905,-22545
-23949,-22542
-5651,-31966
-1409,-6906
-1679,-8916
-12005,-56870
-17782,-69020
-17049,-66923
-8757,-46287
-12900,-45483
-8757,-45483
-2695,-15875
-16486,-65337
-2019,-11163
-9443,-49519
-1996,-10969
-7375,-13026
-2259,-13025
-13478,-59443
-19320,-73923
-8252,-44379
-2028,-11205
-21980,-83187
-2247,-12885
-18260,-70645
-7732,-41971
-19435,-74352
-18096,-70042
-20264,-76909
-19117,-73158
-19085,-73056
-20876,-78723
-5891,-33065
-2975,-17512
-7468,-40991
-7469,-40990
-20968,-79183
-7655,-34347
-5965,-34345
-19206,-73467
-3424,-19939
-4879,-27926
-3568,-20560
-12666,-58199
-3984,-23062
-8751,-23061
-12663,-23058
-5053,-17352
-2935,-17352
-8056,-43474
-2163,-12171
-5540,-31223
-3190,-18716
-21914,-82924
-25545,-98783
-21117,-79623
-28715,-114900
-7023,-25940
-4516,-25940
-6528,-35966
-3750,-21680
-1198,-5801
-8329,-44677
-24419,-95538
-24038,-94493
-25993,-100609
-15669,-63669
-23389,-91130
-15528,-63362
-11821,-56638
-9816,-51337
-9817,-48091
-13000,-58534
-10642,-54427
-12214,-54426
-10672,-54368
-10775,-54649
-10776,-54648
-24695,-61560
-14689,-61560
-25776,-99662
-26277,-99660
-15310,-62924
-15801,-63884
-23312,-90608
-16425,-65233
-19955,-75825
-11814,-56589
-9166,-48193
-14320,-60804
-9137,-48051
-25679,-99321
-9436,-49492
-4749,-27465
-1038,-4996
-16981,-66760
-11293,-55735
-9545,-50073
-2219,-12712
-5827,-12711
-20728,-12710
-23838,-12708
-8647,-32203
-5704,-32203
-10317,-53463
-2432,-14225
-26844,-104659
-472,-2180
-19537,-74125
-17447,-68040
-666,-3072
-1549,-7793
-1658,-8795
-1575,-8093
-9311,-48833
-6494,-35766
-9748,-51099
-28979,-115833
-1540,-7794
-1908,-10342
-1909,-10341
-1826,-9862
-14148,-60481
-25215,-97502
-1125,-5448
-19483,-74745
-13444,-59486
-1779,-9562
-16608,-65601
-8314,-44576
-28479,-113874
-20926,-78963
-13056,-58636
-21193,-79874
-16375,-52123
-9652,-52123
-27966,-111203
-21072,-79549
-2065,-11424
-2066,-11423
-9310,-48932
-9304,-25120
-4311,-25120
-13933,-25119
-10449,-53884
-21448,-80986
-23362,-80985
-21506,-80985
-17717,-68756
-18305,-70769
-9829,-51357
-8263,-44437
-3759,-21741
-10841,-21740
-8726,-46168
-8723,-25880
-4504,-25880
-13784,-34666
-6240,-34666
-18869,-72406
-18702,-71824
-16438,-65254
-1682,-8956
-14539,-61184
-14810,-61833
-9876,-51537
-23354,-90870
-2759,-16312
-20946,-75826
-19957,-75826
-12691,-58013
-12697,-58017
-6341,-26065
-7245,-26059
-3916,-22577
-5951,-26041
-1178,-5740
-6094,-26019
-21107,-28127
-6440,-28127
-26114,-28126
-26623,-28122
-7008,-36807
-21113,-36806
-7414,-40250
-2772,-16333
-2772,-16332
-3810,-7494
-10826,-54835
-13783,-54834
-19072,-48654
-9267,-48654
-687,-3211
-688,-3210
-6380,-35167
-8069,-35166
-6360,-35166
-9476,-49712
-9911,-38735
-7057,-38735
-4613,-26662
-15238,-26661
-4601,-26661
-23945,-94015
-13300,-59097
-1998,-11064
-16416,-65193
-14738,-61655
-42,-132
-3738,-21601
-11827,-21600
-5787,-32643
-1488,-7353
-15904,-64127
-5889,-33083
-15927,-64128
-1340,-5899
-1214,-5898
-14159,-60522
-8332,-44696
-7572,-41411
-12019,-56894
-19545,-74485
-13877,-60098
-19203,-73463
-6558,-36226
-1885,-10241
-3946,-22722
-16277,-63985
-15840,-63985
-16951,-63984
-14976,-62156
-620,-2894
-9603,-50310
-25557,-98844
-25557,-98843
-13069,-58659
-15278,-57456
-15271,-57456
-25910,-100265
-637,-2957
-663,-3052
-663,-3051
-661,-3050
-5404,-30583
-5586,-31525
-6312,-31524
-8951,-47113
-14756,-47112
-8952,-47110
-4043,-23680
-8510,-45198
-7975,-42937
-4908,-28100
-2230,-12765
-680,-3134
-2666,-15695
-3955,-22789
-2509,-14625
-3066,-18057
-16429,-65241
-3218,-18778
-7297,-39892
-25825,-99903
-25825,-99902
-8360,-44760
-14305,-60782
-22814,-87704
-7282,-39779
-13583,-39611
-7249,-39611
-5996,-33714
-16049,-64365
-22647,-86874
-28771,-115096
-21718,-81987
-20808,-77351
-12935,-58557
-5861,-32903
-12198,-48754
-10028,-48754
-5950,-33424
-10027,-48311
-16656,-65761
-89,-398
-16527,-65319
-14493,-54386
-10654,-54386
-11438,-55867
-484,-2240
-10405,-53763
-5997,-33828
-17723,-33827
-12408,-33827
-24035,-37556
-6831,-37556
-20368,-43238
-26737,-43237
-7964,-43115
-15321,-43114
-9176,-48094
-7359,-40379
-24243,-40378
-24928,-57312
-12151,-57070
-6374,-35126
-23437,-46368
-21515,-46368
-21024,-46368
-8760,-46327
-10169,-52805
-20856,-60078
-13869,-60078
-1111,-5369
-1108,-5367
-10829,-54737
-12744,-58121
-22094,-58120
-14544,-61192
-22208,-61191
-22799,-61188
-14819,-61854
-24705,-96295
-12073,-56951
-14180,-60561
-15144,-62516
-15709,-63704
-20346,-67287
-17228,-67287
-6886,-37848
-4933,-28119
-13622,-58799
-17210,-67240
-16623,-65661
-20976,-79204
-21937,-83103
-19574,-74591
-21602,-81508
-17963,-69580
-17443,-68025
-16070,-64451
-2798,-16439
-2798,-16438
-20827,-78523
-16989,-65800
-17214,-67243
-1648,-8734
-20232,-76771
-21119,-66961
-17070,-66961
-23279,-18880
-3224,-18879
-15330,-62979
-17830,-69146
-2426,-14105
-16092,-64463
-22402,-61593
-9284,-48816
-10338,-53543
-10340,-43274
-9387,-49234
-9386,-49233
-13885,-60118
-13713,-59830
-13712,-59829
-11164,-36411
-6619,-36410
-7729,-38792
-7076,-38792
-5417,-30703
-7114,-39018
-1978,-10861
-4844,-27819
-2267,-13071
-5711,-13070
-5711,-13069
-24292,-95380
-16870,-66398
-16653,-65757
-2063,-4814
-1136,-4813
-26229,-101802
-17336,-67723
-24265,-95366
-16733,-66020
-3524,-20101
-6659,-20100
-6751,-20099
-3597,-20139
-6526,-35947
-8886,-35946
-1512,-7512
-2473,-14469
-8313,-44559
-8312,-44558
-3771,-21480
-23314,-90627
-23314,-90527
-23313,-90527
-15312,-62938
-15190,-62661
-883,-4135
-21676,-4072
-12217,-57178
-28568,-114314
-1204,-5835
-2286,-13166
-5675,-32043
-9047,-47451
-346,-1585
-135,-541
-135,-540
-20088,-76166
-17719,-68760
-14789,-61773
-8582,-45604
-7641,-41672
-6605,-36367
-5882,-33044
-3664,-21174
-1703,-9076
-1713,-9157
-6838,-37528
-24963,-96681
-9550,-50113
-20943,-79023
-19579,-74605
-25672,-99283
-25863,-100101
-20838,-78584
-12280,-57254
-5592,-31603
-2421,-13946
-22356,-85223
-419,-2001
-6902,-2000
-11441,-55868
-26093,-101321
-928,-4454
-20705,-4453
-1197,-4453
-9119,-47971
-23102,-89567
-16057,-64374
-9725,-50976
-19690,-74947
-18654,-71762
-5998,-33753
-11843,-56669
-10764,-54646
-3746,-21661
-12424,-57857
-21850,-81750
-3806,-21922
-2845,-16852
-27285,-106841
-27286,-106821
-26858,-104683
-9659,-50534
-9891,-51683
-9658,-50533
-23208,-87458
-23013,-87458
-23208,-86205
-23014,-86205
-22789,-86205
-12210,-57175
-27088,-105709
-18070,-70007
-28287,-113045
-20963,-12985
-20962,-12985
-28356,-113493
-9723,-50306
-22040,-83595
-17600,-68440
-14254,-60703
-18637,-60702
-12923,-58463
-12927,-58467
-7617,-41591
-7556,-41471
-6406,-35286
-4738,-27440
-1906,-10303
-1906,-10302
-17489,-36648
-14333,-60807
-14485,-61064
-6777,-36927
-20108,-65027
-14299,-58961
-7592,-41452
-26026,-100841
-8308,-28922
-5073,-28843
-6034,-33886
-8782,-45041
-21648,-81733
-5572,-31424
-7843,-40512
-26715,-40511
-20870,-78690
-22559,-85844
-20053,-76048
-8344,-44722
-20048,-76025
-8417,-44918
-9154,-48151
-9668,-50593
-6978,-38312
-4366,-20081
-3456,-20081
-13642,-59746
-13466,-59425
-794,-3653
-15690,-63703
-3870,-22417
-27993,-111444
-24576,-95939
-17348,-67244
-17217,-67244
-6798,-37346
-6109,-34145
-24468,-43275
-7992,-43275
-6740,-37026
-23757,-92970
-5625,-397
-87,-397
-1270,-6137
-1982,-10881
-22350,-85125
-20127,-74925
-6228,-34547
-6636,-35694
-23247,-90748
-27744,-108742
-27743,-108741
-23692,-92792
-21270,-79903
-19170,-73342
-27265,-106721
-245,-1092
-4573,-22762
-28274,-112963
-30231,-119993
-11741,-56501
-25643,-99204
-25643,-99203
-25273,-97662
-25273,-97642
-25670,-99285
-25670,-99284
-24922,-96658
-23892,-66259
-18633,-70989
-26023,-100779
-20915,-77855
-17390,-67005
-2093,-11725
-2132,-11989
-21945,-83156
-12392,-57111
-2590,-15215
-1023,-4855
-16395,-58657
-13065,-58657
-2154,-12098
-7727,-40611
-18680,-40610
-17326,-67632
-26685,-67629
-26135,-67629
-18109,-70150
-22597,-86789
-25799,-99802
-9198,-47272
-30269,-120133
-7253,-39650
-17091,-66051
-26341,-66049
-19113,-73108
-25635,-73103
-20163,-75489
-18194,-70445
-2561,-14967
-23220,-64676
-24241,-64675
-2212,-12605
-19115,-73156
-11099,-55285
-24424,-95543
-14847,-61933
-25835,-99784
-7529,-41194
-7840,-42698
-10521,-42697
-11479,-42696
-11479,-42695
-11479,-42694
-13181,-58923
-8516,-45220
-22996,-45805
-8631,-45804
-24625,-96059
-16602,-65557
-16333,-64978
-12525,-57732
-10535,-54125
-26544,-103246
-7195,-39347
-9134,-48031
-27653,-109033
-25323,-97847
-23881,-93610
-21456,-77612
-22638,-73947
-22638,-73945
-21779,-73945
-22436,-85706
-22436,-85705
-8061,-43380
-8061,-43379
-6158,-34326
-6158,-34325
-6050,-25962
-6050,-23221
-6050,-23220
-6657,-36627
-6657,-36626
-7286,-39790
-6255,-21938
-19336,-73984
-19336,-73983
-11868,-56731
-16153,-64615
-11187,-55310
-8072,-42934
-11168,-55311
-3217,-18856
-10201,-38612
-640,-2563
-7597,-41453
-3945,-22788
-6290,-22787
-6290,-22786
-13936,-45032
-1463,-7206
-17566,-62435
-15094,-62435
-3539,-19639
-21949,-70585
-18231,-70585
-21032,-79383
-15897,-64091
-10601,-54306
-8847,-46830
-8847,-46829
-15814,-59203
-4007,-23241
-22377,-23239
-26075,-23238
-2659,-15672
-19604,-74708
-5869,-33003
-19424,-74132
-16807,-63079
-15384,-63078
-28366,-113514
-27690,-109243
-17341,-67728
-27558,-108381
-11697,-56460
-23470,-21236
-3670,-21235
-27418,-107587
-15815,-63907
-17240,-63449
-15836,-63964
-18862,-72371
-18587,-71515
-11852,-56689
-2823,-16752
-238,-1042
-4340,-1041
-4131,-24118
-9163,-48192
-5813,-32524
-7968,-35548
-7968,-35547
-14620,-61367
-17370,-63263
-16697,-63263
-17370,-63262
-15473,-63262
-10805,-54705
-17632,-66301
-22282,-66299
-1188,-5741
-6573,-36273
-5631,-29702
-5243,-29702
-449,-1940
-1498,-7437
-19728,-62018
-14905,-62018
-16012,-60842
-14353,-60842
-7381,-40551
-9980,-52023
-3752,-21681
-23983,-94192
-24602,-95979
-15891,-42554
-7683,-42554
-5731,-31163
-5524,-31163
-1277,-6157
-5623,-31824
-2450,-14245
-909,-4252
-8416,-45099
-8416,-45098
-9958,-32264
-5712,-32264
-11618,-56362
-21291,-42896
-9073,-42896
-7945,-42896
-21291,-42895
-21308,-80283
-21308,-34366
-6167,-34366
-21308,-34365
-6167,-34365
-26046,-101001
-19227,-73462
-18625,-71640
-14310,-60903
-7102,-38932
-2207,-12545
-3229,-18895
-9966,-51883
-25173,-97245
-6216,-34525
-7094,-38892
-19971,-75854
-25449,-75853
-1820,-9981
-2977,-17332
-3915,-22557
-9427,-49472
-9142,-48572
-21317,-80324
-21316,-80323
-12069,-56950
-10975,-55046
-23998,-87206
-11624,-56340
-10052,-52287
-4942,-28241
-9852,-40093
-24001,-77031
-20343,-77031
-10838,-54766
-22032,-83601
-22032,-83600
-11768,-56150
-23683,-92771
-8971,-47209
-23930,-93895
-18616,-71617
-10284,-53303
-15629,-63626
-3831,-22157
-3673,-1920
-8563,-45447
-8563,-45446
-8563,-45444
-13152,-58877
-10733,-54565
-13450,-59383
-9510,-49874
-12444,-57572
-19823,-75146
-26730,-75145
-19746,-75145
-16770,-66118
-13149,-58858
-17306,-67580
-1405,-6847
-1405,-6846
-5192,-29362
-8535,-45340
-9200,-48372
-5335,-30343
-13401,-59298
-5922,-33284
-25859,-100079
-9913,-3692
-2605,-3692
-803,-3692
-5271,-30424
-16476,-65320
-23340,-64172
-18847,-64172
-15935,-64172
-18852,-65295
-18497,-65295
-16466,-65295
-16212,-64757
-5461,-26165
-18481,-8485
-5385,-8485
-25517,-8484
-1289,-6217
-8592,-6216
-5265,-27345
-24049,-27344
-26192,-27186
-5387,-27186
-24729,-27185
-25925,-29402
-5197,-29402
-26008,-28623
-12488,-28623
-5189,-29425
-18845,-29424
-15188,-62641
-16119,-64514
-25694,-64125
-15924,-64125
-16227,-64809
-21123,-64808
-16219,-64778
-23733,-64777
-15923,-64124
-1238,-5996
-17037,-66883
-3612,-20873
-27219,-106482
-14786,-61754
-5315,-20914
-3624,-20914
-25908,-83410
-25221,-83409
-25069,-83408
-22700,-83407
-21904,-82823
-26039,-100961
-26904,-105004
-704,-3190
-675,-3111
-2366,-13646
-2546,-14845
-16381,-65053
-25788,-73724
-25788,-99622
-7777,-42137
-1165,-5489
-24972,-96689
-10586,-54245
-413,-1848
-20356,-77130
-10273,-53203
-3999,-16152
-2735,-16152
-15480,-64361
-15480,-61347
-14602,-61347
-6101,-34866
-14909,-62057
-24688,-96286
-18278,-70686
-17285,-67501
-18419,-71009
-20388,-77252
-18414,-71069
-14938,-61913
-2168,-12247
-13606,-59666
-3735,-21560
-8528,-45321
-28073,-111664
-19556,-74545
-19964,-75865
-8572,-45485
-9532,-49993
-16768,-66117
-20890,-78804
-10926,-54967
-20144,-76466
-9952,-51863
-9890,-41372
-9890,-41371
-20897,-50553
-9662,-50553
-19942,-75810
-27021,-105466
-5574,-31423
-12707,-58058
-12707,-58057
-12080,-52587
-12080,-52585
-12080,-52580
-12080,-52578
-14894,-41323
-11376,-41322
-11376,-41318
-12511,-54947
-12511,-54944
-12511,-54942
-12511,-54941
-12511,-54935
-2779,-16354
-10885,-54886
-24372,-54885
-3753,-21704
-12908,-26959
-4663,-26959
-19931,-54833
-10844,-54833
-22160,-82908
-8716,-46107
-6683,-36691
-10484,-51601
-9892,-51601
-10484,-51599
-21640,-81751
-4695,-27219
-4352,-25199
-9434,-49493
-969,-4697
-1057,-5144
-8447,-45060
-5529,-31143
-8102,-43694
-21844,-47350
-10858,-47350
-9013,-47350
-23584,-92148
-10131,-52623
-5914,-33263
-3776,-21840
-24020,-94394
-19322,-73806
-56,-245
-17880,-69348
-990,-4793
-3847,-22337
-24597,-21580
-3737,-21580
-1017,-4920
-26356,-4919
-11117,-55287
-27404,-107461
-3630,-20974
-3654,-21094
-3964,-22879
-416,-1942
-4056,-23698
-16100,-64494
-15608,-63564
-4559,-26459
-10703,-54307
-6237,-34606
-275,-1283
-1951,-1282
-275,-1282
-24787,-96449
-6421,-35387
-4243,-24778
-553,-2663
-11985,-56858
-14621,-61368
-7117,-39025
-4180,-24418
-615,-2892
-12120,-57049
-14420,-60944
-3050,-17895
-9623,-50473
-3415,-19819
3,-2
-2774,-16334
-7112,-39017
-3238,-18957
-6511,-29622
-5235,-29622
-1699,-9056
-7301,-39970
-4946,-28279
-7309,-40010
-7276,-39750
-642,-2949
-23896,-93718
-24023,-94415
-24024,-94414
-13073,-58536
-3214,-18777
-24027,-94433
-27587,-108624
-24420,-95539
-24420,-43415
-26892,-104982
-23960,-94058
-7782,-42173
-24481,-95649
-17077,-42251
-7814,-42251
-17813,-69101
-25552,-98822
-572,-2723
-573,-2724
-664,-3045
-8761,-46348
-2052,-11304
-28732,-114973
-6231,-34546
-1462,-7188
-5708,-32246
-8064,-32245
-9790,-32244
-12224,-32243
-5884,-27580
-5820,-26220
-5820,-26219
-720,-3330
-14011,-60341
-6687,-36706
-579,-2729
-4277,-23879
-10176,-23878
-8232,-23326
-4564,-23326
-6458,-23325
-9403,-23324
-4802,-24921
-5239,-24920
-9405,-24918
-6328,-34967
-26105,-28301
-5162,-28300
-5876,-33005
-16727,-65977
-6685,-36746
-6567,-36286
-410,-1885
-21281,-80143
-6040,-33885
-26096,-101305
-6169,-34385
-5570,-29242
-5175,-29242
-7749,-39513
-10973,-53908
-11114,-42634
-13652,-59748
-24290,-54869
-10865,-54869
-28382,-113524
-1223,-5936
-1224,-5935
-19949,-75809
-20386,-77251
-20851,-78608
-21482,-80904
-20924,-78943
-21243,-80026
-27467,-107841
-22323,-85003
-13879,-60100
-22887,-88167
-6927,-38048
-5636,-32283
-1811,-9762
-13696,-59814
-1680,-8936
-20582,-77692
-2125,-11948
-5075,-28865
-14984,-62177
-14984,-60581
-14182,-60581
-1999,-11030
-2225,-12727
-23765,-93015
-12293,-57285
-23782,-93130
-20928,-78964
-20928,-60201
-13985,-60201
-1792,-9481
-14309,-60783
-8084,-43595
-936,-4532
-8720,-46147
-23764,-93010
-23022,-89087
-16520,-65397
-16820,-66218
-10344,-53563
-5264,-27242
-6076,-20460
-4576,-20460
-3545,-20460
-4002,-23258
-3845,-22318
-3843,-22317
-15400,-63100
-8287,-42345
-13810,-42342
-14719,-42341
-15553,-42339
-21094,-42333
-782,-3511
-3928,-22638
-1808,-9744
-7922,-42775
-582,-2731
-646,-2976
-6409,-35333
-10030,-52223
-3388,-19619
-2557,-14945
-7681,-41511
-18919,-72598
-25229,-72597
-4483,-25799
-21227,-59120
-13322,-59120
-14421,-60945
-2980,-17552
-19617,-73825
-24299,-73824
-19618,-73823
-23306,-90588
-26470,-90587
-5411,-30683
-4053,-23659
-12043,-42476
-7836,-42475
-7108,-39013
-7109,-39012
-2236,-12805
-13037,-38293
-6967,-38292
-9486,-49793
-23132,-76808
-9318,-48954
-9415,-48953
-4932,-28128
-7306,-39990
-3926,-22622
-3518,-20322
-14998,-62195
-13915,-60152
-13735,-59872
-11531,-56072
-3516,-20320
-13323,-59122
-14067,-60246
-13999,-60246
-24152,-60245
-16487,-64454
-16488,-64453
-19441,-74208
-20640,-1507
-13317,-8660
-1637,-8660
-12843,-57975
-13034,-58095
-14982,-58094
-1692,-9096
-22859,-76370
-25374,-76368
-3457,-20080
-3037,-17835
-1056,-5125
-4159,-5124
-7762,-42112
-1213,-5895
-14936,-62078
-15085,-39468
-14426,-2380
-1189,-2380
-520,-2380
-10816,-52324
-10067,-52323
-357,-1594
-375,-1593
-9857,-51377
-9572,-50193
-15096,-62436
-9989,-52063
-8317,-44599
-26268,-101937
-234,-1039
-23408,-77914
-20644,-77870
-15093,-53263
-9963,-51944
-9959,-51943
-47,-176
-3402,-19700
-3401,-19699
-2803,-16572
-5705,-32223
-15068,-61678
-14746,-61678
-5981,-33605
-14743,-61677
-10319,-53483
-5982,-33606
-19325,-73926
-16235,-61714
-14761,-61713
-13047,-32685
-5809,-32685
-9425,-46909
-9226,-48532
-9614,-50413
-7370,-40470
-12965,-58505
-14930,-62058
-14956,-62095
-19649,-74810
-12791,-58177
-12731,-58099
-12793,-58178
-10899,-41436
-25957,-100421
-21908,-82865
-19696,-74985
-15659,-63664
-7599,-41454
-7005,-38473
-879,-4112
-6812,-37408
-6763,-36966
-4137,-24198
-4135,-24158
-25720,-99521
-3924,-22620
-15305,-22619
-9584,-50235
-9583,-50234
-2817,-16712
-2817,-14505
-2476,-14505
-3186,-18696
-1643,-8705
-14118,-60446
-4022,-23438
-162,-742
-13190,-741
-18077,-69985
-24056,-94593
-7107,-38992
-8004,-43294
-4229,-12269
-12092,-12267
-4231,-12266
-18902,-72512
-4075,-13067
-4101,-13065
-9607,-50313
-11362,-55749
-9990,-52084
-12501,-27601
-15644,-58760
-13105,-58759
-3179,-18616
-10148,-25719
-13209,-36727
-6682,-36726
-9246,-48574
-8832,-46769
-9118,-47952
-8796,-46592
-9769,-46588
-15091,-53431
-13928,-53431
-21863,-82605
-21619,-81577
-19040,-72936
-23081,-89453
-22079,-83798
-17517,-68227
-8438,-45018
-5178,-29268
-8546,-45403
-10957,-55034
-11127,-55305
-8979,-47229
-8382,-44856
-21932,-82784
-19089,-73058
-4050,-23679
-4050,-23678
-19316,-73925
-19616,-74732
-18329,-70848
-9674,-50696
-7967,-43134
-6222,-34545
-13791,-59991
-7979,-43214
-23228,-90187
-954,-4636
-15922,-64168
-16711,-65897
-6277,-8394
-1608,-8394
-1741,-9321
-16111,-64496
-13528,-59546
-20552,-77656
-844,-3952
-11146,-55309
-448,-2062
-21467,-80865
-16695,-65826
-5526,-31283
-5960,-33523
-5939,-33384
-13067,-58658
-7350,-40310
-7323,-40131
-10503,-54005
-5493,-30983
-1183,-5761
-7288,-39830
-3714,-21415
-1142,-4247
-3342,-4246
-1160,-5613
-1161,-5612
-9050,-38972
-6961,-38252
-1561,-7915
-10069,-7914
-6783,-37106
-717,-3291
-2634,-12645
-2222,-8716
-1646,-8716
-2401,-13905
-19163,-73298
-16616,-65528
-308,-1483
-30266,-120093
-21419,-80466
-6623,-36426
-300,-1401
-17127,-67100
-15960,-64264
-15374,-63040
-7012,-875
-196,-871
-17994,-69720
-17042,-66900
-15958,-64146
-15929,-64145
-25035,-83484
-20204,-76647
-16279,-64912
-977,-4713
-30261,-120094
-17328,-67700
-15597,-63503
-15212,-62735
-1555,-7843
-1689,-7842
-21566,-81391
-21146,-79703
-2336,-13545
-27658,-108962
-12607,-57872
-9447,-49532
-5931,-33306
-12529,-33305
-24430,-33304
-5843,-32787
-24181,-32786
-2919,-17172
-2405,-13947
-942,-4576
-21750,-4575
-4255,-4575
-26333,-4574
-356,-1595
-8170,-43998
-344,-1556
-11584,-24807
-8601,-24807
-4248,-24807
-1354,-6637
-3504,-19859
-76,-356
-5597,-31643
-3395,-20280
-5581,-31483
-7352,-40330
-3439,-19999
-19524,-74438
-37,-108
-18704,-71178
-19019,-72841
-25879,-72840
-21953,-81964
-24932,-96655
-9396,-49293
-8259,-44419
-7342,-36568
-7270,-39730
-7649,-41691
-173,-763
-21644,-81709
-21655,-82046
-21579,-81364
-10381,-50437
-25853,-50436
-10688,-50435
-17668,-66948
-21556,-81043
-6433,-35446
-26070,-100146
-3872,-22437
-26062,-101161
-17577,-68334
-5356,-30463
-3126,-18275
-21913,-82923
-18173,-70329
-25301,-97739
-17646,-68582
-9588,-50434
-9587,-50433
-380,-1720
-363,-1623
-3385,-3532
-771,-3531
-105,-419
-531,-2525
-3940,-22679
-3599,-20714
-730,-3431
-16302,-64954
-3594,-20693
-12632,-56651
-15548,-63428
-8080,-43574
-1957,-10710
-2238,-12786
-12778,-58157
-5126,-29062
-756,-3454
-1308,-6358
-18742,-67020
-18601,-67020
-16939,-67020
-24609,-96040
-19516,-74405
-18342,-70889
-25793,-95117
-24286,-95116
-24190,-95115
-23310,-90607
-18399,-59971
-13608,-59971
-6366,-35092
-18400,-35088
-24607,-91476
-24358,-91476
-23450,-91476
-14061,-60321
-12788,-58176
-14115,-60441
-2637,-15552
-5039,-28699
-420,-1960
-25204,-92533
-23288,-90987
-24497,-33184
-9851,-33184
-9851,-33183
-5902,-33183
-1624,-8573
-1173,-5655
-3817,-5250
-1074,-5250
-3705,-21355
-3483,-20200
-1356,-6639
-114,-445
-3005,-444
-25945,-100402
-26473,-100401
-1402,-6826
-1469,-7249
-3363,-19478
-25704,-19039
-3256,-19039
-22575,-19038
-2908,-729
-65,-729
-25217,-728
-26138,-101543
-674,-3092
-18827,-72271
-14216,-60641
-21436,-80725
-532,-2524
-829,-3812
-16930,-66619
-2479,-14545
-5618,-31803
-14488,-60984
-12887,-56969
-12009,-56969
-20024,-75945
-4441,-25641
-4628,-26739
-3411,-19799
-3627,-20934
-1543,-7777
-9076,-47611
-5212,-29567
-6781,-37186
-5211,-29566
-6891,-37888
-9086,-47731
-11035,-55145
-7940,-42854
-11732,-55731
-20274,-55386
-11733,-55386
-7905,-42701
-22234,-81458
-22235,-81454
-7080,-38812
-1457,-7146
-12276,-57252
-10086,-52384
-5383,-30530
-3029,-17815
-12435,-57552
-10084,-52383
-6930,-38192
-3276,-19117
-5450,-30823
-7240,-39550
-14165,-60541
-21320,-80343
-25113,-97025
-16006,-64331
-5344,-30411
-5684,-30409
-19186,-73402
-6432,-31494
-6035,-31494
-25144,-31492
-16772,-66127
-10091,-52403
-5919,-33483
-6065,-33274
-4943,-27064
-19108,-73137
-10187,-52883
-4944,-27909
-19188,-73403
-5419,-29565
-9016,-29564
-5837,-32764
-3144,-18396
-14312,-60802
-28919,-115534
-6179,-34208
-6179,-34207
-25210,-97484
-12816,-58216
-12708,-58059
-23840,-93530
-25936,-100321
-16237,-64812
-15867,-64048
-10400,-50676
-9503,-49836
-22626,-86644
-26161,-101603
-6974,-18976
-3243,-18976
-26902,-105141
-10077,-52363
-3051,-17897
-30353,-120421
-7103,-38893
-22548,-86224
-22236,-84629
-2714,-15992
-3152,-18458
-22225,-18457
-3153,-18456
-14086,-60381
-14116,-60442
-18524,-71436
-14644,-61447
-24759,-96403
-21502,-80983
-14482,-61029
-836,-3756
-5377,-3755
-9575,-3754
-8881,-3754
-25791,-99801
-12766,-48274
-9144,-48274
-493,-2265
-1384,-6740
-15946,-64259
-2743,-16193
-10066,-52332
-25856,-52327
-11731,-56503
-25770,-56502
-28164,-112343
-26088,-101301
-9512,-49756
-10123,-49755
-21578,-30443
-17298,-30443
-8918,-30443
-5353,-30443
-22619,-60282
-21120,-60282
-14044,-60282
-20979,-60667
-14219,-60666
-26439,-60664
-24828,-61349
-14603,-61348
-16898,-66488
-25461,-66487
-26211,-66485
-17050,-66924
-25187,-66913
-12641,-57918
-17874,-9711
-17288,-9710
-16931,-9709
-8604,-9704
-6376,-9703
-1799,-9702
-4064,-23738
-1694,-9059
-1698,-9058
-5468,-30923
-5259,-29862
-8173,-44016
-6518,-35926
-6286,-35056
-8135,-43818
-5987,-33646
-13650,-59749
-8539,-45361
-5504,-31043
-8200,-44216
-5972,-33645
-442,-2046
-12622,-57894
-2649,-15642
-16297,-64913
-3895,-22478
-12740,-58116
-2232,-12785
-12871,-58336
-6603,-36366
-3974,-22918
-3181,-18635
-2142,-12007
-4105,-23978
-12652,-57953
-3063,-18015
-5357,-30532
-13206,-32074
-5678,-32074
-22477,-85923
-7072,-37608
-6843,-37608
-6637,-36486
-23780,-93053
-23221,-90148
-23219,-90147
-7059,-38736
-19140,-73219
-522,-2402
-2691,-15818
-22232,-77933
-20651,-77933
-20378,-77217
-22043,-77216
-23403,-77214
-24108,-77213
-25357,-77212
-18259,-70606
-19405,-74329
-22035,-83591
-25618,-83590
-17581,-68385
-18379,-69382
-18865,-69381
-24836,-69380
-18592,-70249
-21928,-70248
-22365,-70246
-23378,-70245
-24838,-70243
-18826,-72267
-19330,-73965
-19967,-75851
-4066,-23719
-21790,-82184
-501,-2280
-2576,-15025
-2638,-12906
-11052,-12905
-11049,-12905
-26427,-102472
-1870,-10127
-1558,-7854
-1557,-7853
-1327,-6497
-19818,-75425
-14974,-62155
-20678,-64942
-20678,-64940
-16311,-64938
-20077,-76146
-20579,-77690
-15818,-63909
-17283,-67500
-15083,-62395
-17187,-67200
-1552,-7814
-1553,-7813
-1240,-5997
-1239,-4634
-14515,-61094
-14509,-61084
-29393,-117361
-14715,-61614
-14716,-61613
-14347,-60841
-16582,-64064
-16477,-63893
-17527,-68237
-19134,-73189
-19134,-70832
-18324,-70832
-29207,-116552
-17696,-68720
-18498,-71313
-18949,-72640
-19811,-75386
-19811,-75385
-1099,-5321
-1061,-5184
-7527,-7714
-1536,-7713
-20071,-10822
-1988,-10821
-23076,-84489
-23077,-84488
-22203,-84484
-22247,-84483
-1209,-5739
-22399,-85846
-24884,-73452
-19192,-73452
-21890,-82745
-22228,-84366
-22187,-84366
-21969,-79868
-21208,-79868
-20934,-78984
-20645,-77874
-2506,-14765
-986,-4693
-18668,-71777
-20313,-75374
-25816,-75373
-20147,-76650
-23867,-81230
-21562,-81230
-23155,-86566
-22610,-86566
-23155,-86565
-14647,-61448
-13727,-59867
-16797,-66161
-12776,-58156
-2186,-12246
-16576,-65530
-17362,-67781
-14324,-60806
-1510,-7498
-11356,-7497
-15454,-63218
-2404,-13945
-902,-4240
-2703,-4239
-12851,-58257
-13911,-60123
-9977,-51983
-2328,-13445
-556,-2608
-617,-2607
-3882,-2605
-8591,-2604
-603,-2813
-849,-2812
-5423,-2810
-13457,-2809
-27206,-106312
-2440,-14285
-7388,-39634
-25141,-39633
-25339,-39632
-5317,-30226
-24519,-30222
-22072,-83763
-18016,-69903
-22393,-85464
-9214,-49052
-9354,-48392
-7509,-41131
-2150,-12045
-4795,-11363
-2047,-11363
-6233,-34586
-5598,-31668
-27841,-109983
-21244,-80043
-16293,-64733
-16146,-64733
-7795,-42211
-2181,-12365
-24483,-95655
-3802,-21897
-14881,-29391
-23032,-29385
-5205,-29185
-16295,-64265
-15966,-64265
-15038,-62296
-2889,-17012
-16247,-64804
-16607,-65600
-20528,-77610
-14811,-61834
-8795,-46571
-20334,-46570
-20716,-77992
-18032,-69920
-4510,-25925
-3595,-20713
-18641,-71848
-4506,-25919
-2982,-17553
-13567,-59627
-831,-3772
-153,-661
-18056,-69962
-8370,-44797
-1044,-5043
-1371,-6655
-8589,-45584
-17793,-60039
-13828,-60039
-16218,-64772
-19800,-75325
-3555,-20501
-3551,-20500
-3202,-18782
-3557,-20502
-27034,-105501
-2296,-13245
-16573,-65521
-13515,-59526
-17809,-69080
-18172,-70324
-1974,-10211
-17844,-69207
-14558,-61225
-3922,-22618
-1653,-8760
-17553,-68282
-20483,-68280
-10693,-54466
-4494,-25820
-16937,-66659
-14456,-61004
-1616,-8495
-21591,-81423
-6709,-36887
-4664,-26966
-4664,-26965
-22149,-26964
-17978,-26963
-1532,-7471
-19872,-75506
-5390,-30544
-12737,-58100
-20073,-76085
-20778,-78246
-15730,-63731
-15539,-63422
-6797,-37326
-3938,-22678
-15721,-63723
-15729,-63730
-12627,-57897
-6802,-37388
-6073,-34025
-3135,-18315
-20894,-78803
-15725,-63728
-8564,-45484
-4686,-27119
-3547,-20480
-2868,-16912
-4767,-27539
-4671,-26979
-4567,-26359
-17486,-68180
-18526,-13845
-2392,-13845
-5854,-32883
-2377,-13765
-22349,-54535
-17402,-67901
-744,-3414
-15742,-1846
-397,-1842
-23191,-64144
-15912,-64144
-200,-890
-23198,-888
-16317,-888
-16087,-63542
-405,-1862
-404,-1860
-956,-4613
-1246,-6019
-15403,-63101
-12844,-58276
-12951,-58485
-858,-4015
-29083,-116234
-16854,-64819
-9418,-49415
-872,-4092
-2209,-12569
-2145,-12031
-12713,-58073
-13404,-59310
-19535,-59309
-16844,-66320
-17708,-68753
-9222,-48515
-21002,-48512
-9229,-48533
-16731,-66019
-10718,-5695
-1168,-5695
-16072,-64452
-9548,-45672
-9755,-45669
-9873,-45668
-9931,-45667
-23827,-93354
-10715,-54526
-26016,-100753
-3058,-17948
-3798,-17946
-3799,-17945
-9045,-17944
-12150,-17943
-1667,-8834
-285,-1319
-7099,-38912
-1916,-10404
-22902,-2970
-3361,-6117
-2617,-6117
-1444,-6116
-12132,-57052
-2003,-2983
-3138,-15167
-3128,-15166
-9740,-51058
-10941,-54965
-17806,-68757
-11832,-56652
-8741,-46247
-10952,-54986
-12630,-57914
-17937,-69472
-23870,-69471
-22621,-83690
-14531,-61144
-9324,-48994
-5739,-32473
-498,-2270
-835,-3872
-15611,-57351
-241,-1089
-241,-1088
-12700,-54365
-9554,-50362
-9871,-51707
-21647,-60910
-14377,-60909
-186,-834
-23103,-89570
-8696,-46071
-9075,-47871
-154,-478
-2202,-11945
-1824,-9683
-832,-3852
-4175,-24578
-566,-2694
-1466,-7106
-1771,-9461
-4525,-26099
-4549,-26259
-1066,-5191
-8691,-46050
-15391,-46049
-24968,-46048
-19782,-46048
-16584,-46048
-23842,-93430
-19033,-72918
-2516,-14666
-25355,-98229
-19364,-74027
-17331,-67702
-14991,-49032
-9366,-49032
-3660,-21215
-5649,-31923
-13963,-60181
-10544,-54146
-15356,-63018
-23028,-89127
-11144,-55347
-16324,-33545
-5967,-33545
-1967,-10762
-14569,-26200
-4426,-25561
-26745,-84276
-22180,-84276
-22899,-84274
-20947,-79077
-25927,-79076
-20950,-79088
-16314,-64741
-14871,-61960
-20741,-78091
-1030,-4988
-23146,-4986
-14054,-60301
-14959,-62141
-18377,-70855
-19215,-73414
-19216,-73413
-1217,-5903
-14480,-61028
-22021,-83523
-2374,-13747
-20613,-77790
-24003,-76864
-26717,-100981
-26041,-100981
-26741,-104064
-26320,-102063
-29173,-116514
-12890,-26424
-4554,-26423
-14901,-62017
-24948,-62016
-26578,-62015
-18848,-72065
-24212,-72063
-30129,-119514
-28420,-113655
-25868,-100121
-4658,-26908
-26272,-101966
-21583,-81369
-23050,-89307
-28580,-114433
-11970,-56856
-23624,-92586
-3060,-17963
-2317,-13406
-2425,-14087
-26043,-14085
-25006,-60888
-14368,-60886
-26588,-103441
-19214,-73431
-19217,-73485
-24611,-73484
-20489,-75906
-20490,-75905
-1228,-5959
-24104,-5958
-8322,-19318
-3163,-19317
-26739,-104081
-985,-4774
-2745,-16212
-17997,-69721
-13779,-59948
-2130,-11965
-28749,-115054
-25763,-99638
-24985,-96709
-26499,-65036
-16347,-65036
-26499,-59806
-16347,-59806
-13677,-59806
-26499,-39016
-16347,-39016
-7110,-39016
-26499,-39015
-16347,-39015
-7105,-39015
-26499,-102859
-26499,-102858
-26499,-102857
-26499,-102856
-9280,-48792
-4032,-23599
-2972,-17492
-19507,-74359
-24057,-74357
-18315,-70789
-26747,-70788
-15770,-63784
-12428,-58436
-12428,-50796
-9694,-50796
-14841,-61883
-18785,-37589
-5733,-32423
-4812,-27719
-10904,-54905
-3672,-19237
-3315,-19237
-958,-4654
-1965,-4653
-24149,-2973
-644,-2971
-45,-155
-10959,-17315
-2937,-17314
-14525,-17312
-26209,-83664
-24185,-83663
-22020,-62496
-15130,-62495
-22134,-84105
-24546,-59994
-13818,-59992
-99,-417
-17967,-69608
-18119,-69607
-1685,-8978
-5070,-8977
-20488,-77490
-22288,-84826
-19869,-68420
-17596,-68420
-1126,-5675
-1349,-7007
-17832,-69148
-21601,-81505
-23270,-81504
-22444,-85766
-24642,-80883
-21472,-80883
-24642,-80882
-19946,-75813
-14668,-61508
-20435,-77390
-18321,-70808
-20530,-77590
-19651,-74811
-21390,-80584
-8794,-46388
-7797,-42231
-5232,-29642
-7690,-41794
-8801,-41793
-8981,-41791
-17500,-68201
-18726,-68200
-15691,-57071
-12153,-57071
-8907,-47009
-3001,-17693
-5169,-29223
-20539,-64068
-18300,-64067
-15887,-64067
-7247,-39590
-25276,-97644
-672,-3091
-23674,-88234
-6598,-36355
-19894,-36352
-25536,-36346
-2071,-11483
-3655,-21114
-979,-4733
-22617,-86966
-17957,-69547
-3521,-20340
-8787,-46488
-20025,-75985
-23257,-90332
-11953,-56789
-21880,-81467
-5402,-11084
-2002,-11083
-17711,-43942
-15942,-43942
-8159,-43942
-15943,-43941
-8160,-43941
-774,-3550
-16051,-64366
-16774,-64170
-16138,-64170
-16812,-63654
-16579,-63654
-16811,-63653
-16578,-63653
-23985,-88151
-21883,-13046
-2262,-13045
-7089,-38874
-23501,-91929
-21748,-725
-126,-477
-2587,-15205
-4041,-21074
-3653,-21074
-25892,-81363
-21624,-81363
-441,-2060
-369,-1659
-368,-1658
-1191,-5774
-15441,-63181
-15414,-63140
-28450,-113817
-27940,-111003
-9934,-37047
-6748,-37047
-6747,-37046
-25175,-72616
-18917,-72615
-14591,-61328
-17153,-67120
-12753,-58136
-9079,-47651
-11056,-55185
-12829,-58217
-18239,-70613
-3918,-22597
-8384,-44857
-18002,-39935
-7292,-39935
-17999,-69722
-18780,-72084
-18170,-70314
-10138,-52684
-15938,-64185
-20277,-64184
-12614,-57874
-23573,-92067
-13387,-59280
-12366,-57471
-7361,-40392
-25839,-99944
-12808,-58200
-25970,-80027
-21241,-80023
-13373,-59218
-7229,-39326
-20278,-76927
-12702,-58033
-12895,-58416
-12897,-57232
-12269,-57232
-12202,-57151
-15893,-64085
-16465,-64084
-18154,-70231
-15890,-64071
-19892,-64070
-15865,-64046
-17649,-64045
-2728,-16123
-1882,-10225
-4923,-8702
-1642,-8701
-4922,-28040
-263,-1259
-3772,-21780
-8634,-45844
-1040,-5016
-8734,-46207
-3761,-21761
5,-4
-21257,-80065
-18756,-71984
-6705,-36846
-24648,-96181
-25162,-89309
-23042,-89217
-12507,-57593
-12454,-57284
-12291,-57284
-222,-988
-25032,-96180
-25463,-96179
-24616,-96079
-23399,-91188
-20481,-77470
-13563,-59626
-26086,-101281
-25906,-100241
-64,-321
-3033,-320
-13325,-319
-11272,-55613
-12870,-58488
-3472,-20185
-4276,-20184
-25044,-20183
-17866,-20183
-11859,-20183
-74,-338
-3501,-337
-11274,-336
-10643,-54385
-10721,-53832
-18237,-53831
-14296,-8298
-1632,-8298
-25341,-8297
-29777,-118384
-23991,-94233
-8007,-43421
-25269,-19980
-22956,-19979
-3436,-19979
-3305,-19197
-13410,-59318
-9696,-50816
-7738,-42171
-19747,-71761
-875,-4098
-17419,-67940
-11861,-56712
-2079,-11627
-12448,-57574
-309,-1480
-16437,-65253
-15208,-62717
-16693,-62716
-24268,-59160
-13350,-59159
-13348,-59184
-13551,-59615
-5805,-32664
-11680,-56442
-24844,-56441
-18480,-71129
-9802,-50101
-10053,-50516
-20561,-50515
-3644,-21055
-18336,-71029
-11857,-56710
-11139,-55315
-5749,-32624
-10140,-52643
-11631,-56146
-5686,-32103
-5670,-32128
-9666,-49176
-16371,-49173
-10373,-53643
-22633,-86764
-19432,-74165
-8082,-39959
-15140,-39958
-8109,-43759
-11704,-43758
-13148,-58857
-16418,-60624
-14203,-60624
-23106,-60623
-8220,-44296
-16941,-66661
-22375,-85332
-2312,-13368
-16167,-39022
-8652,-39021
-7115,-39019
-8415,-44899
-8127,-41618
-8672,-41615
-10039,-41614
-8128,-41612
-7851,-42514
-25042,-96690
-24916,-96656
-8871,-46891
-2955,-17133
-7859,-17132
-3972,-17132
-17925,-70167
-25390,-70163
-9886,-51603
-9158,-48171
-18101,-70054
-20188,-70053
-24458,-70051
-20786,-70051
-16954,-66742
-20608,-66741
-24460,-66740
-18100,-70060
-18033,-68967
-20872,-68966
-2025,-11203
-8941,-47092
-18671,-47091
-8947,-47089
-329,-1509
-2026,-11204
-19058,-73057
-9742,-51076
-1248,-6017
-9818,-6016
-1252,-6038
-9938,-51845
-3301,-19177
-3300,-17633
-1095,-5306
-3374,-17677
-406,-1511
-921,-4392
-3245,-17534
-21940,-17533
-5414,-17533
-21940,-17532
-7672,-17532
-20727,-15470
-2942,-15470
-20727,-15469
-6652,-15469
-2943,-15446
-22675,-87024
-20892,-10783
-20892,-10782
-5378,-10782
-2277,-10781
-2041,-11323
-24693,-12005
-2111,-11825
-3699,-21315
-8157,-43916
-6335,-35026
-7533,-31823
-5621,-31823
-22693,-87104
-244,-1090
-2580,-15090
-1785,-9628
-10390,-9626
-1827,-8758
-10388,-8757
-12959,-58492
-1963,-8696
-1640,-8696
-5616,-31785
-9791,-51197
-4397,-25439
-27157,-106101
-3885,-22458
-3884,-22457
-4936,-28160
-4937,-28159
-587,-2749
-6330,-34986
-9423,-49452
-6263,-34766
-20499,-66347
-17051,-66347
-17052,-66346
-1382,-6730
-20443,-68517
-21701,-68515
-17532,-68382
-6532,-36006
-1220,-5915
-14604,-61351
-22661,-86288
-15015,-62217
-11540,-56052
-753,-3442
-18347,-22960
-8066,-22960
-5664,-22960
-25919,-22958
-16977,-66572
-11225,-55533
-11567,-21958
-7091,-21958
-4484,-21958
-20228,-21957
-17281,-21957
-21696,-68509
-25999,-68503
-17529,-68381
-14600,-61356
-6524,-36026
-20503,-68501
-17526,-68380
-15426,-61358
-14607,-61358
-15426,-61357
-14607,-61357
-6531,-35986
-25706,-63064
-15379,-63064
-25858,-62660
-22190,-62660
-15378,-62660
-15376,-62442
-21699,-62441
-23020,-82267
-21859,-82267
-26336,-102124
-26287,-101969
-15383,-62741
-26364,-101600
-6066,-33972
-25982,-33971
-25888,-86726
-22687,-86726
-14640,-61497
-14505,-61072
-18924,-61071
-9608,-50315
-9606,-50314
-5068,-28803
-754,-3156
-8622,-3155
-17446,-3154
-17403,-68080
-9758,-51137
-19053,-72958
-1201,-5803
-17444,-68023
-26009,-68022
-17582,-68308
-18185,-65819
-25913,-65818
-18034,-65818
-715,-3255
-17756,-3254
-722,-3353
-16824,-66241
-17389,-65824
-25531,-65823
-18184,-70398
-18192,-70238
-20563,-70237
-17751,-68929
-22001,-68928
-814,-3630
-8377,-44816
-22994,-88667
-5840,-32763
-7808,-42291
-22688,-86944
-9093,-47791
-26102,-101314
-6446,-35506
-1288,-6196
-15002,-62277
-17906,-69383
-24294,-95382
-19816,-71680
-14579,-61305
-7927,-42795
-2987,-17572
-982,-4735
-19074,-73018
-2193,-12445
-2113,-11845
-17779,-69211
-20944,-1800
-388,-1800
-6679,-31128
-20821,-31127
-6345,-35370
-5256,-29823
-13786,-29822
-5261,-29822
-288,-1419
-1275,-6176
-6108,-34146
-452,-2080
-7320,-40111
-3106,-18222
-10962,-18221
-27373,-107241
-22531,-86144
-112,-243
-4368,-1579
-14042,-1575
-124,-460
-17677,-63904
-15812,-63904
-859,-4012
-13672,-36907
-6717,-36907
-10270,-53223
-23096,-89527
-13355,-59190
-25899,-100285
-9066,-47552
-22412,-85591
-9077,-47431
-20628,-77830
-9250,-48672
-6,-25
-4154,-24299
-2807,-16632
-3355,-15266
-24214,-69121
-17827,-69121
-23406,-69120
-22210,-69602
-22658,-69601
-17965,-69601
-17966,-69600
-17982,-69987
-19229,-73603
-19893,-75605
-20390,-77253
-22124,-84023
-21866,-82624
-22612,-86572
-22117,-83983
-19265,-69541
-17949,-69540
-19851,-75465
-9751,-51098
-26224,-101801
-8265,-44556
-18246,-70625
-18599,-71578
-20149,-76486
-20977,-79214
-22459,-86083
-5568,-31543
-9170,-48211
-20348,-77070
-25400,-98204
-27036,-105521
-4244,-24800
-5365,-24799
-9330,-24798
-17032,-66886
-18458,-66885
-19633,-66884
-16412,-65280
-2988,-17795
-5308,-30103
-22178,-66481
-16893,-66480
-12486,-57632
-9271,-48732
-13659,-15592
-2641,-15592
-2711,-15973
-17912,-69420
-29343,-117142
-22471,-85904
-6004,-33771
-12533,-33770
-13887,-33769
-13887,-33768
-25499,-33767
-14914,-62038
-11831,-14345
-2797,-14345
-2452,-14325
-11281,-55686
-11282,-55629
-5001,-28580
-22469,-85903
-4755,-27479
-14694,-61573
-20365,-77271
-4039,-23658
-22435,-85723
-26836,-104621
-13124,-58777
-21833,-82423
-17470,-68123
-18976,-68122
-30123,-119475
-21643,-81663
-11042,-55149
-24490,-95659
-16580,-65532
-22920,-88388
-15848,-64024
-28552,-114195
-26981,-105381
-22922,-88389
-19167,-73256
-15388,-63087
-19312,-73903
-22265,-84769
-19222,-73523
-2027,-11208
-2850,-11207
-16603,-49445
-18146,-49444
-29668,-118093
-22345,-85123
-11328,-55667
-25890,-100228
-6449,-35528
-13565,-35526
-19557,-74525
-18516,-71349
-26418,-102465
-12576,-50444
-12579,-50443
-12579,-50442
-205,-928
-9441,-49514
-24345,-87834
-22844,-87833
-18339,-70871
-17902,-41391
-17169,-41391
-7563,-41391
-12624,-58413
-7925,-42794
-19665,-74866
-2820,-16732
-26407,-102140
-4272,-10485
-1932,-10485
-19666,-74867
-25615,-99125
-23139,-78168
-20757,-78167
-5737,-32463
-22972,-88590
-22562,-86344
-12574,-57915
-26638,-77973
-192,-865
-4251,-24838
-22974,-49613
-22631,-49613
-9464,-49613
-13055,-58616
-13055,-58376
-12881,-58376
-5214,-23620
-4036,-23619
-792,-3650
-3742,-21623
-749,-3413
-750,-3412
-22614,-86574
-10237,-53083
-20449,-77410
-21125,-79668
-825,-3765
-13876,-60085
-19116,-73160
-10010,-52143
-11096,-55205
-19698,-74991
-19697,-74990
-26376,-102306
-943,-4578
-22683,-87047
-4514,-25939
-333,-1512
-8902,-47049
-17275,-65839
-16699,-65839
-16758,-65838
-25444,-46007
-8679,-46007
-17380,-67845
-17379,-67844
-19299,-73843
-19479,-74300
-26452,-102581
-22454,-64814
-16239,-64814
-23994,-11223
-20437,-11223
-2030,-11223
-22115,-83943
-25395,-98182
-23677,-7694
-23321,-7694
-21298,-7694
-20027,-7694
-1509,-7694
-21861,-82583
-17367,-67801
-9739,-51057
-864,-3371
-725,-3371
-2681,-15752
-16300,-64916
-21759,-82104
-19014,-72818
-12243,-57193
-24008,-94314
-143,-605
-548,-2644
-547,-2020
-2115,-6056
-21141,-79688
-21136,-79683
-2463,-14446
-2464,-14445
-21386,-80529
-22449,-85803
-21539,-81083
-19408,-74086
-1006,-4880
-16426,-65237
-18445,-70870
-18337,-70869
-18424,-71090
-18423,-71089
-18478,-71250
-18477,-71249
-16363,-65017
-1131,-5468
-20854,-78625
-16182,-64679
-16208,-64678
-1781,-9581
-19584,-74946
-16689,-65808
-23453,-65807
-16688,-65806
-20467,-70210
-18139,-70210
-20975,-70206
-18508,-71390
-18503,-71389
-18134,-70183
-18522,-71435
-16787,-66160
-951,-4615
-190,-866
-14188,-22798
-3304,-19257
-15269,-62837
-19104,-64206
-19636,-64205
-15948,-64204
-15176,-62597
-15980,-64298
-21628,-63868
-15776,-63868
-592,-1284
-276,-1284
-21300,-68980
-17776,-68980
-1067,-5204
-745,-3415
-24428,-95549
-9615,-50453
-22294,-84883
-7631,-41633
-25231,-41211
-7531,-41211
-7650,-40910
-21934,-83047
-21465,-80863
-19586,-74627
-22506,-86046
-23126,-89737
-23125,-89731
-23164,-37469
-6820,-37469
-7660,-37468
-18989,-72775
-17366,-67800
-246,-1093
-22398,-75808
-20949,-75807
-26683,-75806
-21466,-75806
-19939,-75806
-19938,-75805
-26988,-105406
-26651,-103885
-18751,-71953
-18752,-71952
-6495,-35808
-20309,-76988
-20309,-76987
-20309,-76986
-20309,-76985
-22041,-77670
-21593,-77950
-3859,-21660
-2646,-15613
-23786,-80243
-26347,-102322
-26538,-102302
-21999,-83411
-25467,-81803
-21600,-13608
-2355,-13608
-21840,-82443
-22551,-58597
-13128,-58597
-22551,-58596
-18938,-58596
-24071,-94695
-5350,-30404
-17450,-30403
-7235,-30403
-4278,-19659
-24173,-95075
-5638,-31883
-6183,-34225
