VESSEL_NAME,VESSEL_CATEGORY,VESSEL_TYPE,VESSEL_SUBTYPE,OWNER,OPERATOR,IMO_NUMBER,FLAG_STATE,STATUS,DATA_SOURCE,DATA_SOURCE_URL,LOA_M,BEAM_M,DRAFT_M,DISPLACEMENT_TONNES,GROSS_TONNAGE,DP_CLASS,YEAR_BUILT,QUARTERS_CAPACITY,HELIDECK,MAIN_CRANE_CAPACITY_T,MAIN_CRANE_REACH_M,AUX_CRANE_CAPACITY_T,AUX_CRANE_REACH_M,PIPELAY_TENSION_T,PIPELAY_METHOD,DECK_AREA_M2,DECK_LOAD_CAPACITY_T,WATER_DEPTH_RATING_M,HEAVY_LIFT_CAPACITY_T,ROV_SYSTEMS,MOONPOOL,TURBINE_CAPACITY_MW,FOUNDATION_TYPE,TRANSIT_SPEED_KNOTS,MMSI,CLASSIFICATION_SOCIETY,CLASS_NOTATION,COLLECTION_DATE,DEPTH_M,DEADWEIGHT_TONNES,PIPELAY_CAPACITY_IN,BOLLARD_PULL_T
SLEIPNIR,construction,crane_vessel,semi_submersible,Heerema Marine Contractors,Heerema Marine Contractors,9781425,Netherlands,active,heerema_fleet,https://www.heerema.com/fleet/sleipnir,220.0,102.0,27.5,,,3.0,2019.0,400.0,True,10000.0,48.0,,,,,11000.0,,3000.0,,2.0,True,,,11.0,,,,,,,,
THIALF,construction,crane_vessel,semi_submersible,Heerema Marine Contractors,Heerema Marine Contractors,8803300,Netherlands,active,heerema_fleet,https://www.heerema.com/fleet/thialf,201.0,88.4,31.2,71368.0,87647.0,3.0,1985.0,736.0,True,14200.0,31.2,,,,,7000.0,,2500.0,14200.0,2.0,True,,,8.0,,ABS,,,,,,
BALDER,construction,crane_vessel,semi_submersible,Heerema Marine Contractors,Heerema Marine Contractors,7381086,Netherlands,active,heerema_fleet,https://www.heerema.com/fleet/balder,152.0,76.8,25.0,,,2.0,1978.0,378.0,True,6300.0,29.0,,,,,4000.0,,1500.0,6300.0,2.0,False,,,8.0,,Lloyd's,,,,,,
AEGIR,construction,crane_vessel,monohull,Heerema Marine Contractors,Heerema Marine Contractors,9605396,Panama,active,heerema_fleet (corrected: was a fabricated wind-jackup record),https://www.heerema.com/fleet/aegir,211.5,46.2,11.0,,,3.0,2013.0,,True,4000.0,,,,,j-lay,,,3500.0,,2.0,True,,,,354590000,,,,,,,
PIONEERING SPIRIT,construction,pipelay_vessel,monohull,Allseas Group,Allseas Group,9593505,Switzerland,active,allseas_fleet,https://allseas.com/fleet/pioneering-spirit,382.0,124.0,25.0,900000.0,403342.0,3.0,2014.0,571.0,True,,,,,2000.0,reel,8000.0,48000.0,4000.0,48000.0,4.0,True,,,5.5,,,,,,,,
AUDACIA,construction,pipelay_vessel,monohull,Allseas Group,Allseas Group,9859090,Switzerland,active,allseas_fleet,https://allseas.com/fleet/audacia,199.0,40.0,8.5,,,3.0,2019.0,199.0,True,400.0,25.0,,,2000.0,J-lay,3800.0,10000.0,3000.0,,2.0,True,,,12.0,,,,,,,60.0,
SOLITAIRE,construction,pipelay_vessel,monohull,Allseas Group,Allseas Group,9125839,Switzerland,active,allseas_fleet,https://allseas.com/fleet/solitaire,300.0,41.0,13.5,,,3.0,1998.0,420.0,True,2000.0,,,,3000.0,S-lay,4600.0,22000.0,3000.0,,2.0,True,,,6.0,,,,,,,60.0,
SAIPEM 7000,construction,crane_vessel,semi_submersible,Saipem,Saipem,7392610,Italy,active,saipem_fleet,https://www.saipem.com/fleet/saipem-7000,198.0,87.0,25.0,,,3.0,1987.0,750.0,True,14000.0,40.0,7000.0,48.0,,j-lay,9000.0,,3000.0,14000.0,6.0,True,,,8.0,,R.I.Na. & Lloyds,,,,,,
SAIPEM FDS,construction,pipelay_vessel,semi_submersible,Saipem,Saipem,9271448,Italy,active,saipem_fleet,https://www.saipem.com/fleet/saipem-fds,152.0,92.0,23.0,,,3.0,2005.0,200.0,True,5000.0,40.0,77.0,61.9,1500.0,J-lay,6500.0,,2000.0,,4.0,True,,,8.0,,DNV / USCG,,,,,,
SAIPEM FDS2,construction,pipelay_vessel,semi_submersible,Saipem,Saipem,9661423,Italy,active,saipem_fleet,https://www.saipem.com/fleet/saipem-fds2,152.0,92.0,23.0,,,3.0,2014.0,200.0,True,5000.0,40.0,,,2000.0,J-lay,6500.0,,3000.0,,4.0,True,,,8.0,,,,,,,,
SEVEN BOREALIS,construction,crane_vessel,monohull,Subsea 7 S.A.,Subsea 7 S.A.,9558081,Luxembourg,active,subsea7_fleet,https://www.subsea7.com/fleet/seven-borealis,182.2,46.2,9.5,,,3.0,2012.0,200.0,True,5000.0,30.0,100.0,,550.0,S-lay,3000.0,,2500.0,5000.0,2.0,False,,,12.0,,,,,,,,
SEVEN VEGA,construction,pipelay_vessel,monohull,Subsea 7 S.A.,Subsea 7 S.A.,9749137,Luxembourg,active,subsea7_fleet,https://www.subsea7.com/fleet/seven-vega,149.9,30.0,8.0,,,3.0,2020.0,130.0,True,,,,,900.0,reel_lay,2600.0,,3000.0,,2.0,False,,,12.0,,,,,,,,
SEVEN ARCTIC,construction,pipelay_vessel,monohull,Subsea 7 S.A.,Subsea 7 S.A.,9763990,Luxembourg,active,subsea7_fleet,https://www.subsea7.com/fleet/seven-arctic,149.9,30.0,8.0,,,3.0,2017.0,130.0,True,,,,,900.0,reel_lay,2600.0,,3000.0,,2.0,False,,,12.0,,,,,,,,
AMAZON,construction,crane_vessel,monohull,McDermott International,McDermott International,9275234,Marshall Islands,active,mcdermott_fleet,https://www.mcdermott.com/fleet/amazon,174.0,52.0,8.5,,,2.0,2005.0,180.0,False,2200.0,40.0,800.0,35.0,,,,3000.0,1500.0,2200.0,2.0,False,,,10.0,,,,,,,,
DLV 2000,construction,pipelay_vessel,semi_submersible,McDermott International,McDermott International,9220940,Marshall Islands,active,mcdermott_fleet,https://www.mcdermott.com/fleet/dlv-2000,170.0,54.0,18.0,,,3.0,2001.0,220.0,True,2500.0,35.0,,,550.0,J-lay,4000.0,,2000.0,,4.0,True,,,7.0,,,,,,,,
NORTH OCEAN 105,construction,pipelay_vessel,monohull,TechnipFMC,TechnipFMC,9476748,Bahamas,active,technipfmc_fleet,https://www.technipfmc.com/fleet/north-ocean-105,156.0,27.0,7.5,,,2.0,2011.0,140.0,True,400.0,25.0,,,225.0,reel_lay,1200.0,,3000.0,,2.0,False,,,12.0,,,,,,,,
DEEP ENERGY,construction,pipelay_vessel,monohull,TechnipFMC,TechnipFMC,9376951,Bahamas,active,technipfmc_fleet,https://www.technipfmc.com/fleet/deep-energy,183.0,32.0,9.0,,,3.0,2010.0,199.0,True,400.0,25.0,,,450.0,reel_lay,2200.0,,3000.0,,2.0,False,,,12.0,,,,,,,18.0,
HAPPY BUCCANEER,construction,heavy_lift,Heavylift,BigLift Shipping,BIGLIFT SHIPPING,8300389,,scrapped,frontier_heavy_lift_csv,https://www.bigliftshipping.com/fleet/happy-buccaneer,146.0,28.3,,,,,,,,675.0,,2755.0,,,,,,,,,,,,,,,,,,,,
OSA GOLIATH,construction,heavy_lift,Offshore Support/Heavy Lift,Coastline Maritime / CarVal Investors,COASTLINE MARITIME,9396933,,stacked,frontier_heavy_lift_csv,https://www.maritimeprofessional.com/news/offshore-construction-vessel-goliath-sold-228324,179.8,32.0,12.2,,,3.0,,,,1600.0,35.0,200.0,84.0,,,,,,,,,,,,,ABS A1,,,,,,
OSA SAMPSON,construction,heavy_lift,DP Construction,unknown,COASTLINE MARITIME,9429455,,unknown,frontier_heavy_lift_csv,https://www.shipspotting.com/photos/1754340,179.8,32.0,12.2,,,3.0,,,,1600.0,35.0,200.0,84.0,,,,,,,,,,,,,ABS A1,,,,,,
HERCULES,construction,heavy_lift,A-frame type cranebarge,SMIT (Boskalis subsidiary),SMIT HEAVY LIFT EUROPE BV,8768763,,unknown,frontier_heavy_lift_csv,https://www.smit.com/,70.1,42.1,7.3,,,,,,,1760.0,32.6,1760.0,30.5,,,,,,,,,,,,,ABS / A1 Barge,,,,,,
COMANCHE,construction,pipelay_vessel,Derrick/Lay Barge,EMAS AMC,EMAS AMC,8757647,,unknown,frontier_pipelay_csv,https://www.offshore-energy.biz/new-player-emerges-as-sea-trucks-sheds-four-vessels/,122.2,30.5,8.8,,,,,243.0,,800.0,29.0,675.0,22.9,,,,,,,,,,,,,ABS A-1,,,,,60.0,
DLB 264,construction,pipelay_vessel,Derrick/Lay Barge,EMAS AMC,EMAS AMC,8757192,,unknown,frontier_pipelay_csv,https://www.offshore-energy.biz/new-player-emerges-as-sea-trucks-sheds-four-vessels/,121.9,30.5,9.1,,,2.0,,275.0,,800.0,24.4,300.0,51.8,,,,,2438.4,,,,,,,,ABS A-1,,,,,60.0,
GLOBAL 1200,construction,heavy_lift,Derrick Pipelay,Marine Platforms Limited (51%) / DS Global Offshore (49%),"GLOBAL INDUSTRIES, LTD.",9463815,,active,frontier_heavy_lift_csv,https://ulstein.com/references/african-huan-qui-1200,162.2,37.8,,,,2.0,,,,1322.0,31.7,992.0,31.7,,,,,,,,,,,,,ABS A-1,,,,,,
HERMOD,construction,heavy_lift,Semi Submersible Crane Vessel,Heerema Marine Contractors,"HEEREMA MARINE CONTRACTORS U.S., INC.",7710214,,scrapped,frontier_heavy_lift_csv,https://heerema.com/news/well-deserved-retirement-of-hermod,153.9,86.0,42.1,,,,,,,1500.0,,,,,,,,,,,,,,,,Lloyd's,,,,,,
Q-4000,construction,heavy_lift,DP MSV,Helix Energy Solutions Group,HELIX ENERGY SOLUTIONS GROUP,8767123,,active,frontier_heavy_lift_csv,https://helixesg.com/our-assets/q4000/,95.1,58.2,14.9,,,3.0,,,,661.0,,661.0,,,,,,,,,,,,,,ABS / USCG,,,,,,
INTREPID,construction,pipelay_vessel,DP MSV,Ocean Sub Sea Services,"HELIX ENERGY SOLUTIONS GROUP, INC.",8641939,,sold,frontier_pipelay_csv,https://www.offshore-energy.biz/usa-helix-sells-its-three-pipelay-vessels/,1609.3,32.0,7.6,,,2.0,,,,440.0,,440.0,18.0,,,,,,,,,,,,,ABS / USCG,,,,,,
EXPRESS,construction,pipelay_vessel,DP MSV,unknown,"HELIX ENERGY SOLUTIONS GROUP, INC.",9185891,,scrapped,frontier_pipelay_csv,https://www.vesselfinder.com/vessels/details/9185891,1609.3,34.7,9.8,,,,,,,,,,,,,,,,,,,,,,,Lloyd's Register,,,,,,
JUMBO JAVELIN,construction,heavy_lift,Heavy Lift Vessel,Jumbo Maritime,JUMBO OFFSHORE,9243837,,active,frontier_heavy_lift_csv,https://www.vesselfinder.com/vessels/details/9243837,143.3,26.5,16.2,,,2.0,,,,1100.0,,991.0,,,,,,,,,,,,,,Lloyd's,,,,,,
FAIRPLAYER,construction,heavy_lift,Heavy Lift vessel,Jumbo Maritime,JUMBO OFFSHORE,9371579,,active,frontier_heavy_lift_csv,https://www.vesselfinder.com/vessels/details/9371579,143.3,26.5,16.2,,,2.0,,,,220.0,,991.0,,,,,,,,,,,,,,Lloyd's,,,,,,
MARIDIVE CONSTRUCTOR,construction,heavy_lift,Construction Pipelay Crane Barge,Maridive Offshore Projects SAE,MARIDIVE OFFSHORE PROJECTS SAE,8769573,,active,frontier_heavy_lift_csv,https://www.vesselfinder.com/vessels/details/8769573,0.6,6.1,,,,,,,,336.0,11.0,336.0,11.0,,,,,,,,,,,,,ABS + A1,,,,,,
DB 50,construction,pipelay_vessel,DP Derrick Barge,McDermott International,INTERNATIONAL CONSTRUCTION GROUP,8503539,,active,frontier_pipelay_csv,https://www.vesselfinder.com/vessels/details/8503539,2.7,12.5,,,,,,,,551.0,,4400.0,36.9,,,,,,,,,,,,,ABS,,,,,,
DB 16,construction,pipelay_vessel,DP Derrick/Lay Barge,McDermott International,INTERNATIONAL CONSTRUCTION GROUP,8757609,,active,frontier_pipelay_csv,https://www.vesselfinder.com/vessels/details/8757609,121.9,30.5,,,,,,,,537.0,,860.0,21.3,,,,,,,,,,,,,ABS/USCG,,,,,,
DB 101,construction,heavy_lift,Semi Sub Derrick Barge,McDermott International,MCDERMOTT,7709069,,active,frontier_heavy_lift_csv,https://www.fotoflite.com/store/crane-or-derrick-barge/mcdermott-db-101-detail,146.3,51.8,36.6,,,,,,,3500.0,23.8,2700.0,23.8,,,,,,,,,,,,,Bureau Veritas,,,,,,
DB27,construction,pipelay_vessel,Derrick/Lay Barge,McDermott International,INTERNATIONAL CONSTRUCTION GROUP,8757685,,active,frontier_pipelay_csv,https://www.vesselfinder.com/vessels/details/8757685,128.0,39.0,,,,,,,,2400.0,30.5,1600.0,35.1,,,,,,,,,,,,,ABS,,,,,,
DB30,construction,pipelay_vessel,Derrick/Lay Barge,McDermott International / Berlian JV,INTERNATIONAL CONSTRUCTION GROUP,8757788,,active,frontier_pipelay_csv,https://www.mcdermott.com/What-We-Do/Marine-Construction-Vessel/Derrick-Barge-30,128.0,48.2,8.5,,,,,,,600.0,,3080.0,33.5,,,,,,,,,,,,,ABS,,,,,,
KP1,construction,pipelay_vessel,Derrick/Lay Barge,McDermott International,INTERNATIONAL CONSTRUCTION GROUP,8757300,,unknown,frontier_pipelay_csv,https://www.mcdermott.com/What-We-Do/Marine-Construction-Vessel,139.0,30.2,9.1,,,,,,,660.0,24.4,600.0,19.8,,,,,,,,,,,,,ABS,,,,,,
HLS 2000,construction,heavy_lift,Heavy Lift,NPCC,NATIONAL PETROLEUM CONSTRUCTION COMPANY,5401596,,active,frontier_heavy_lift_csv,https://www.marinevesseltraffic.com/vessels/HLS-2000/CURRENT-POSITION/5401596/470283000,,,,,,,,,,2640.0,41.1,1775.0,32.0,,,,,,,,,,,,,174.4 x 35.3 x 15.2 m,,,,,,
SEP 250,construction,heavy_lift,Self Elevating Platform with flat bottom,NPCC,NATIONAL PETROLEUM CONSTRUCTION COMPANY,8759035,,active,frontier_heavy_lift_csv,https://www.vesseltracker.com/en/Ships/Npcc-Barge-Sep-350-8759035.html,,,,,,,,,,272.0,16.8,80.0,,,,,,,,,,,,,,64.0 x 27.4 x 4.27 m,,,,,,
DLB-750,construction,heavy_lift,DLB,NPCC,NATIONAL PETROLEUM CONSTRUCTION COMPANY,8758108,,active,frontier_heavy_lift_csv,https://www.vesselfinder.com/vessels/NPCC-DLB-750-IMO-8758108-MMSI-470339000,,,,,,,,,,750.0,22.9,700.0,19.8,,,,,,,,,,,,,123.0 x 33.5 x 8.8 m,,,,,,
DLB-1000,construction,heavy_lift,DLB,NPCC,NATIONAL PETROLEUM CONSTRUCTION COMPANY,8756954,,active,frontier_heavy_lift_csv,https://www.vesselfinder.com/vessels/NPCC-BARGE-DLB-1000-IMO-8756954-MMSI-470284000,,,,,,,,,,1270.0,24.4,825.0,23.2,,,,,,,,,,,,,121.9 x 36.58 x 8.23 m,,,,,,
JASCON 8,construction,heavy_lift,"Construction, Hook up Barge",Sea Trucks Group / Walvis International,OFFSHORE CONTRACTORS (C.I.) LIMITED,8992209,,active,frontier_heavy_lift_csv,https://www.vesselfinder.com/vessels/details/8992209,104.2,24.4,5.5,,,,,,,176.0,,176.0,,,,,,,,,,,,,,ABS,,,,,,
JASCON 30,construction,pipelay_vessel,DP Lay Crane Accom,Telford Offshore,SAIPEM AMERICA INC.,9420655,,active,frontier_pipelay_csv,https://telfordoffshore.com/fleet/,111.3,30.5,6.1,,,3.0,,298.0,,176.0,,300.0,,,,,,,,,,,,,,ABS,,,,,60.0,
JASCON 25,construction,pipelay_vessel,DP Lay Crane Accom,Telford Offshore,SAIPEM AMERICA INC.,8770106,,active,frontier_pipelay_csv,https://telfordoffshore.com/fleet/,118.9,30.5,8.2,,,3.0,,355.0,,55.0,,880.0,,,,,,,,,,,,,,ABS,,,,,60.0,
JASCON 34,construction,pipelay_vessel,DP Lay Crane Accom,Telford Offshore,SAIPEM AMERICA INC.,8770273,,active,frontier_pipelay_csv,https://telfordoffshore.com/fleet/telford-34/,118.9,30.5,8.2,,,3.0,,355.0,,55.0,,880.0,,,,,,,,,,,,,,ABS,,,,,60.0,
JASCON 2,construction,pipelay_vessel,DP Lay Accom,Sea Trucks Group,SAIPEM AMERICA INC.,8755259,,active,frontier_pipelay_csv,https://www.marinetraffic.com/en/ais/details/ships/shipid:762662/mmsi:657512000/imo:8755259/vessel:JASCON_2,79.2,35.4,4.3,,,,,220.0,,176.0,,300.0,,,,,,,,,,,,,,ABS,,,,,32.0,
JASCON 31,construction,heavy_lift,"DP Construction, Hook up Barge",Telford Offshore,OFFSHORE CONTRACTORS (C.I.) LIMITED,8770285,,active,frontier_heavy_lift_csv,https://telfordoffshore.com/fleet/telford-31/,110.9,30.5,6.7,,,3.0,,,,200.0,,400.0,,,,,,,,,,,,,,ABS,,,,,,
OSFI DB KALLOP (Note 2),construction,heavy_lift,Derrick Barge,unknown,"OFFSHORE SPECIALTY FABRICATORS, INC.",8639455,,unknown,frontier_heavy_lift_csv,https://www.offshore-mag.com/vessels/article/16760467/us-gulf-pipeline-contractor-survey,121.9,42.7,7.9,,,,,,,1763.0,39.9,1760.0,39.9,,,,,,,,,,,,,NK,,,,,,
OSFI SWING THOMPSON,construction,heavy_lift,Derrick Barge,unknown,"OFFSHORE SPECIALTY FABRICATORS, INC.",7706005,,unknown,frontier_heavy_lift_csv,https://www.offshore-mag.com/vessels/article/16760467/us-gulf-pipeline-contractor-survey,121.9,36.6,7.6,,,,,,,1322.0,32.0,1323.0,29.9,,,,,,,,,,,,,Lloyds,,,,,,
MSV REGALIA,construction,heavy_lift,DP MSV,scrapped,PROSAFE OFFSHORE PTE LTD,8308549,,scrapped,frontier_heavy_lift_csv,https://www.rivieramm.com/news-content-hub/news-content-hub/prosafe-scaps-35-year-old-accommodation-semi-sub-62926,95.4,96.0,21.3,,,,,,,400.0,,400.0,20.0,,,,,,,,,,,,,Lloyds,,,,,,
CASTORO OTTO,construction,pipelay_vessel,Derrick/Lay Barge,Saipem,SAIPEM AMERICA INC.,7422001,,active,frontier_pipelay_csv,https://www.balticshipping.com/vessel/imo/7422001,191.7,34.7,14.9,,,,,339.0,,2400.0,39.6,2000.0,33.5,,,,,365.8,,,,,,,,ABS,,,,,60.0,
SAIPEM 3000,construction,pipelay_vessel,Heavy Lift DP Vessel,Saipem,SAIPEM AMERICA INC.,8309165,,active,frontier_pipelay_csv,https://www.saipem.com/en/solutions-energy-transition/fleet-and-yards/saipem-3000,161.8,38.4,8.8,,,3.0,,195.0,,376.0,,2400.0,39.6,,,,,3048.0,,,,,,,,DNV & ABS,,,,,,
CASTORO II,construction,pipelay_vessel,Derrick/Lay Barge,Saipem,SAIPEM AMERICA INC.,8758885,,active,frontier_pipelay_csv,https://www.vesselfinder.com/vessels/CASTORO-II-IMO-8758885-MMSI-309085000,134.7,32.3,8.8,,,,,248.0,,1100.0,21.3,910.0,21.3,,,,,243.8,,,,,,,,ABS/R.I.Na  100A 1.1,,,,,72.0,
CRAWLER,construction,pipelay_vessel,Derrick/Lay Barge,Saipem,SAIPEM AMERICA INC.,8758706,,active,frontier_pipelay_csv,https://www.saipem.com/en/solutions-energy-transition/fleet-and-yards,150.3,34.1,14.0,,,,,230.0,,660.0,23.2,660.0,23.2,,,,,121.9,,,,,,,,R.I.Na.,,,,,48.0,
BOS 355 (Note 3),construction,heavy_lift,Derrick/Lay Barge,Saipem,SAIPEM INC. / SAIPEM GROUP,8758483,,unknown,frontier_heavy_lift_csv,https://www.saipem.com/en/solutions-energy-transition/fleet-and-yards,108.2,29.9,7.6,,,,,,,650.0,18.3,550.0,18.3,,,,,,,,,,,,,Class BV I 3/3 E,,,,,,
STANISLAV YUDIN,construction,heavy_lift,Heavy Lift Vessel,Micoperi (new owner 2024),SEAWAY HEAVY LIFTING ENGINEERING B.V.,8219463,,sold,frontier_heavy_lift_csv,https://www.heavyliftnews.com/seaway-yudin-enters-new-waters-with-new-owner/,,,,,,,,,,880.0,,2750.0,,,,,,,,,,,,,,600 x 118 x 43 ft,,,,,,
OLEG STRASHNOV,construction,heavy_lift,Heavy Lift Vessel,Seaway7,SEAWAY HEAVY LIFTING ENGINEERING B.V.,9452701,,active,frontier_heavy_lift_csv,https://www.vesselfinder.com/vessels/details/9452701,,,,,,,,,,4400.0,,5500.0,,,,,,,,,,,,,,600 x 154 x 59 ft,,,,,,
CYCLONE,construction,heavy_lift,A-frame type cranebarge,SMIT (Boskalis subsidiary),SMIT HEAVY LIFT EUROPE BV,7603588,,active,frontier_heavy_lift_csv,https://www.vesselfinder.com/vessels/details/7603588,76.2,24.1,4.6,,,,,,,1102.0,,1102.0,,,,,,,,,,,,,,GL /100 A4,,,,,,
HERCULES II,construction,heavy_lift,A-frame type cranebarge,Asian Lift (Smit/Keppel JV),SMIT HEAVY LIFT EUROPE BV,8639297,,active,frontier_heavy_lift_csv,https://en.wikipedia.org/wiki/Asian_Hercules_II,90.8,43.0,8.2,,,,,,,3527.0,,3527.0,,,,,,,,,,,,,,ABS / A1 Barge + PAS,,,,,,
TAKLIFT 1,construction,heavy_lift,A-frame type cranebarge,SMIT (Boskalis subsidiary),SMIT HEAVY LIFT EUROPE BV,7943392,,unknown,frontier_heavy_lift_csv,https://www.smit.com/,60.4,27.7,5.5,,,,,,,880.0,,880.0,,,,,,,,,,,,,,BV/coastal,,,,,,
TAKLIFT 4,construction,heavy_lift,A-frame type cranebarge,SMIT (Boskalis subsidiary),SMIT HEAVY LIFT EUROPE BV,8010506,,active,frontier_heavy_lift_csv,https://www.vesselfinder.com/vessels/TAKLFT-4-IMO-8010506-MMSI-563101500,83.2,36.9,4.0,,,,,,,2640.0,,2425.0,,,,,,,,,,,,,,LR/Worldwide,,,,,,
TAKLIFT 6,construction,heavy_lift,A-frame type cranebarge,SMIT (Boskalis subsidiary),SMIT HEAVY LIFT EUROPE BV,7734806,,unknown,frontier_heavy_lift_csv,https://www.vesselfinder.com/vessels/TAKLIFT-6-IMO-7734806-MMSI-0,72.5,30.5,5.5,,,,,,,2200.0,,1320.0,,,,,,,,,,,,,,GL/Coastal,,,,,,
TAKLIFT 7,construction,heavy_lift,A-frame type cranebarge,SMIT (Boskalis subsidiary),SMIT HEAVY LIFT EUROPE BV,7829273,,active,frontier_heavy_lift_csv,https://www.vesselfinder.com/vessels/details/7829273,72.5,30.5,5.5,,,,,,,2200.0,,1320.0,,,,,,,,,,,,,,GL/Coastal,,,,,,
SUPERIOR PERFORMANCE,construction,heavy_lift,Heavy Lift Vessel,unknown,SUPERIOR ENERGY MARINE SERVICES,8769602,,unknown,frontier_heavy_lift_csv,https://www.offshore-mag.com/rigs-vessels/article/16763603/worldwide-heavy-lift-vessel-fleet-size-stable,120.1,31.7,,,,,,,,881.0,,881.0,,,,,,,,,,,,,,ABS,,,,,,
TETRA ARAPAHO,construction,heavy_lift,Derrick Barge,unknown,TETRA TECHNOLOGIES,8757958,,unknown,frontier_heavy_lift_csv,https://www.offshore-mag.com/vessels/article/16760467/us-gulf-pipeline-contractor-survey,106.7,30.5,7.6,,,,,,,800.0,29.0,650.0,21.3,,,,,,,,,,,,,ABS A-1; USCG (2),,,,,,
HLV UGLEN,construction,heavy_lift,Cranevessel,Ugland Construction AS,UGLAND CONSTRUCTION AS,7721079,,active,frontier_heavy_lift_csv,https://www.uglandconstruction.no/news/ugraded-lifting-capacity-for-hlv-uglen,78.3,25.9,4.0,,,,,,,330.0,,650.0,,,,,,,,,,,,,,,,,,,,
LORELAY,construction,pipelay_vessel,DP pipelay vessel,Allseas Group,"ALLSEAS GROUP, S.A.",7349807,,active,frontier_pipelay_csv,https://www.allseas.com/en/who-we-are/our-fleet/lorelay,182.6,25.9,15.5,,,2.0,,216.0,,,,,,,,,,3048.0,,,,,,,,,,,,,36.0,
TOG MOR,construction,pipelay_vessel,Anchored pipelay barge,Allseas Group (sold for repurpose),"ALLSEAS GROUP, S.A.",8759152,,stacked,frontier_pipelay_csv,https://www.allseas.com/en/who-we-are/news-and-media/allseas-bids-farewell-tog-mor,111.6,27.4,6.1,,,,,144.0,,,,,,,,,,243.8,,,,,,,,,,,,,60.0,
CALAMITY JANE,construction,pipelay_vessel,Bury vessel,Allseas Group,"ALLSEAS GROUP, S.A.",7616779,,active,frontier_pipelay_csv,https://www.allseas.com/en/who-we-are/our-fleet/calamity-jane,130.1,10.1,4.6,,,2.0,,85.0,,,,,,,,,,762.0,,,,,,,,,,,,,48.0,
ASCOT FORCADOS 1,construction,pipelay_vessel,Derrick/pipelay barge,unknown,ASCOT CONSTRUCTORS OFFSHORE LTD.,8758275,,unknown,frontier_pipelay_csv,https://www.offshore-mag.com/vessels/article/16757932/pipelay-vessels-survey-expands-to-include-worldwide-fleet,91.4,27.4,6.1,,,,,152.0,,,,,,,,,,61.0,,,,,,,,,,,,,24.0,
LONE STAR,construction,pipelay_vessel,Pipelay/Bury,unknown,CAL DIVE,8757403,,unknown,frontier_pipelay_csv,https://www.marinetraffic.com/en/ais/details/ships/shipid:738232/mmsi:576540000/imo:8757403/vessel:LONE_STAR,95.4,27.4,5.5,,,,,165.0,,,,,,,,,,,,,,,,,,,,,,,,
SEA HORIZON,construction,pipelay_vessel,Derrick/Pipelay,unknown,CAL DIVE,8759114,,unknown,frontier_pipelay_csv,https://marinelike.com/en/vessels/8759114-sea_horizon.html,110.0,29.9,7.6,,,,,255.0,,,,,,,,,,,,,,,,,,,,,,,,
HAI YANG SHI YOU 201,construction,pipelay_vessel,,CNOOC,CNOOC,9555371,,active,frontier_pipelay_csv,https://www.vesselfinder.com/vessels/details/9555371,203.9,39.0,14.0,,,,,380.0,,,,,,,,,,,,,,,,,,,,,,,60.0,
LANJIANG,construction,pipelay_vessel,Heavy derrick/lay barge,CNOOC,CNOOC,9245641,,active,frontier_pipelay_csv,https://www.marinetraffic.com/en/ais/details/ships,157.6,47.9,12.5,,,,,,,,,,,,,,,,,,,,,,,,,,,,,
LEWEK CHAMPION,construction,pipelay_vessel,DP2 Pipe Lay Barge,Subsea 7,CNOOC,9377377,,active,frontier_pipelay_csv,https://www.balticshipping.com/vessel/imo/9377377,142.0,39.9,10.1,,,,,358.0,,,,,,,,,,,,,,,,,,,,,,,,
LEWEK CRUSADER,construction,pipelay_vessel,Construction/Lay (Optional),EMAS AMC,CNOOC,9468384,,unknown,frontier_pipelay_csv,https://www.offshore-energy.biz/new-player-emerges-as-sea-trucks-sheds-four-vessels/,133.8,32.0,9.1,,,3.0,,500.0,,,,,,,,,,,,,,,,,,,,,,,24.0,
AMC CONNECTOR,construction,pipelay_vessel,OSV/Lay,EMAS AMC,CNOOC,9435480,,unknown,frontier_pipelay_csv,https://www.offshore-energy.biz/new-player-emerges-as-sea-trucks-sheds-four-vessels/,157.0,32.0,12.2,,,3.0,,140.0,,,,,,,,,,,,,,,,,,,,,,,24.0,
CHICKASAW,construction,pipelay_vessel,DP Derrick Barge,unknown,EMAS AMC,8758665,,stacked,frontier_pipelay_csv,https://www.vesselfinder.com/vessels/CHICKASAW-IMO-8758665-MMSI-367662040,850.4,83.8,24.4,,,,,73.0,,,,,,,,,,1828.8,,,,,,,,,,,,,12.0,
IROQUOIS,construction,pipelay_vessel,Derrick/Lay Barge,Bisso Marine (acquired and renamed BISSO IROQUOIS),EMAS AMC,8758287,,sold,frontier_pipelay_csv,https://pilebuck.com/bisso-marine-acquires-new-derrickpipelay-barge/,121.9,30.5,9.1,,,,,261.0,,,,,,,,,,365.8,,,,,,,,,,,,,60.0,
LB32,construction,pipelay_vessel,,McDermott International,INTERNATIONAL CONSTRUCTION GROUP,7327768,,unknown,frontier_pipelay_csv,https://www.mcdermott.com/What-We-Do/Marine-Construction-Vessel,,,,,,,,,,,,,,,,,,,,,,,,,,,,,,,,
NO102,construction,pipelay_vessel,DP SCVessel,McDermott International,INTERNATIONAL CONSTRUCTION GROUP,9382229,,unknown,frontier_pipelay_csv,https://www.mcdermott.com/What-We-Do/Marine-Construction-Vessel,137.5,27.1,9.8,,,2.0,,199.0,,,,,,,,,,,,,,,,,,,,,,,16.0,
STEALTH,construction,pipelay_vessel,"A1 Barge: Accomodation, Pipelay, Work Barge",Leighton International,LEIGHTON INTERNATIONAL,8357837,,active,frontier_pipelay_csv,https://www.vesselfinder.com/vessels/details/8357837,100.6,30.5,6.1,,,,,232.0,,,,,,,,,,100.0,,,,,,,,,,,,,60.0,
ECLIPSE,construction,pipelay_vessel,"A1, Pipelay/Accommodation/Work Barge",Leighton International,LEIGHTON INTERNATIONAL,8357289,,active,frontier_pipelay_csv,https://www.vesselfinder.com/vessels/details/8357289,130.1,32.0,8.5,,,,,260.0,,,,,,,,,,150.0,,,,,,,,,,,,,60.0,
DLB NORCE ENDEAVOUR,construction,pipelay_vessel,Derrick/Lay Barge,Saipem (purchased from Solstad),LEIGHTON INTERNATIONAL,8794475,,active,frontier_pipelay_csv,https://www.offshore-energy.biz/saipem-opts-to-buy-dlb-norce-endeavour/,146.3,42.1,10.1,,,,,280.0,,,,,,,,,,,,,,,,,,,,,,,,
Castoro Sei,construction,pipelay_vessel,S-lay,Saipem,SAIPEM AMERICA INC.,8758603,,stacked,acma_msiv_md,https://www.vesselfinder.com/vessels/details/8758603,210.0,30.0,6.5,,,2.0,,350.0,,600.0,,,,,,,,,,,,,,,,,,,,,,
CASTORO 10,construction,pipelay_vessel,Lay / Trenching Barge,Saipem,SAIPEM AMERICA INC.,7503166,,active,frontier_pipelay_csv,https://www.vesselfinder.com/vessels/details/7503166,112.8,36.6,9.1,,,,,168.0,,,,,,,,,,243.8,,,,,,,,,,,,,60.0,
SEMAC I,construction,pipelay_vessel,Semi-sub Lay Barge,Saipem,SAIPEM AMERICA INC.,7420352,,unknown,frontier_pipelay_csv,https://www.saipem.com/en/solutions-energy-transition/fleet-and-yards,148.4,54.9,27.7,,,,,362.0,,,,,,,,,,,,,,,,,,,,,,,,
CASTORO 7,construction,pipelay_vessel,Semi-sub Lay Barge,Saipem,SAIPEM AMERICA INC.,8757790,,active,frontier_pipelay_csv,https://www.marinepublic.com/vessels/imo/8757790,167.3,58.5,19.8,,,,,401.0,,,,,,,,,,,,,,,,,,,,,,,,
CASTORONE,construction,pipelay_vessel,DP Lay Vessel,Saipem,SAIPEM AMERICA INC.,9444194,,active,frontier_pipelay_csv,https://www.saipem.com/en/solutions-energy-transition/fleet-and-yards/castorone,329.8,39.0,23.8,,,3.0,,702.0,,,,,,,,,,,,,,,,,,,,,,,,
SAIPEM FDS 2,construction,pipelay_vessel,,Saipem,SAIPEM AMERICA INC.,9542362,,active,frontier_pipelay_csv,https://www.vesselfinder.com/vessels/details/9542362,182.9,32.0,14.3,,,,,325.0,,,,,,,,,,,,,,,,,,,,,,,,
JASCON 18,construction,pipelay_vessel,DP Lay Crane Accom,Walvis International (Nigeria),SAIPEM AMERICA INC.,8770261,,active,frontier_pipelay_csv,https://www.shipspotting.com/photos/2647233,150.0,36.6,15.2,,,3.0,,400.0,,,,,,,,,,,,,,,,,,,,,,,60.0,
JASCON 35,construction,pipelay_vessel,DP Lay Crane Accom,Telford Offshore,SAIPEM AMERICA INC.,9511923,,active,frontier_pipelay_csv,https://www.marinetraffic.com/en/ais/details/ships/shipid:874987/mmsi:-9511923/imo:9511923/vessel:JASCON_35,150.0,39.6,15.2,,,3.0,,400.0,,,,,,,,,,,,,,,,,,,,,,,60.0,
NORMAND SEVEN,construction,pipelay_vessel,DP Pipelay Vessel,DOF Subsea,SUBSEA 7,9367009,,active,frontier_pipelay_csv,https://www.vesselfinder.com/vessels/details/9367009,883.9,129.8,28.0,,,3.0,,100.0,,,,,,,,,,1999.5,,,,,,,,,,,,,,
SEVEN OCEANS,construction,pipelay_vessel,DP Pipelay Vessel,Subsea 7,SUBSEA 7,9358826,,active,frontier_pipelay_csv,https://www.vesselfinder.com/vessels/details/9358826,883.9,157.3,28.3,,,2.0,,120.0,,,,,,,,,,2999.8,,,,,,,,,,,,,16.0,
SEVEN NAVICA,construction,pipelay_vessel,DP Pipelay Vessel,Subsea 7,SUBSEA 7,9177856,,unknown,frontier_pipelay_csv,https://www.subsea7.com/en/media/datasheets.html,883.9,108.5,21.9,,,2.0,,72.0,,,,,,,,,,2011.7,,,,,,,,,,,,,19.0,
KOMMANDOR 3000,construction,pipelay_vessel,DP Pipelay Vessel,Subsea 7,SUBSEA 7,8207836,,stacked,frontier_pipelay_csv,https://www.vesselfinder.com/vessels/details/8207836,883.9,118.3,21.0,,,2.0,,70.0,,,,,,,,,,999.7,,,,,,,,,,,,,12.0,
LOCHNAGAR,construction,pipelay_vessel,DP Pipelay Vessel,Subsea 7,SUBSEA 7,8017102,,unknown,frontier_pipelay_csv,https://www.vesselfinder.com/vessels/details/8017102,883.9,106.4,22.9,,,2.0,,70.0,,,,,,,,,,1499.6,,,,,,,,,,,,,12.0,
SEVEN SEAS,construction,pipelay_vessel,DP Multi-Purpose Vessel,Subsea 7,SUBSEA 7,9384760,,active,frontier_pipelay_csv,https://www.vesselfinder.com/vessels/details/9384760,883.9,153.3,28.3,,,2.0,,120.0,,,,,,,,,,2999.8,,,,,,,,,,,,,,
ROCKWATER 1,construction,pipelay_vessel,DP Multi-Purpose Vessel,Subsea 7,SUBSEA 7,8211746,,scrapped,frontier_pipelay_csv,https://www.marinepublic.com/vessels/imo/8211746,883.9,98.5,18.0,,,2.0,,97.0,,,,,,,,,,609.6,,,,,,,,,,,,,16.0,
SEVEN PACIFIC,construction,pipelay_vessel,DP Multi-Purpose Vessel,Subsea 7,SUBSEA 7,9518311,,active,frontier_pipelay_csv,https://www.vesselfinder.com/vessels/details/9518311,883.9,133.2,24.1,,,2.0,,100.0,,,,,,,,,,2999.8,,,,,,,,,,,,,,
SKANDI NEPTUNE,construction,pipelay_vessel,DP Multi-Purpose Vessel,DOF Subsea,SUBSEA 7,9205720,,active,frontier_pipelay_csv,https://www.marinetraffic.com/en/ais/details/ships/shipid:311061/mmsi:352003122/imo:9205720/vessel:SKANDI_NEPTUNE,883.9,104.2,24.1,,,2.0,,106.0,,,,,,,,,,2695.0,,,,,,,,,,,,,16.0,
SEISRANGER,construction,pipelay_vessel,DP Multi-Purpose Vessel,Subsea 7,SUBSEA 7,9064657,,unknown,frontier_pipelay_csv,https://www.subsea7.com/en/media/datasheets.html,883.9,15.2,609.6,,,2.0,,,,,,,,,,,,,,,,,,,,,,,,,16.0,
ACERGY DISCOVERY,construction,pipelay_vessel,Flexible Pipelay/Construction Ship,Subsea 7,SUBSEA 7,8813910,,unknown,frontier_pipelay_csv,https://www.subsea7.com/en/media/datasheets.html,124.7,19.5,6.4,,,2.0,,97.0,,,,,,,flex,,,,,,,,,,,,,,,,,
ACERGY POLARIS,construction,pipelay_vessel,Derrick Lay Barge,Subsea 7,SUBSEA 7,8756772,,scrapped,frontier_pipelay_csv,https://www.vesselfinder.com/vessels/details/8756772,136.9,39.0,9.1,,,3.0,,263.0,,,,,,,,,,,,,,,,,,,,,,,4.0,
ACERGY EAGLE,construction,pipelay_vessel,Flexible Pipelay/Construction Ship,Last Voyage DMCC (Dubai),SUBSEA 7,9015905,,scrapped,frontier_pipelay_csv,https://www.marinetraffic.com/ais/details/ships/shipid:752849/mmsi:636010639/imo:9015905/vessel:SEVEN_EAGLE,142.3,19.5,6.7,,,2.0,,101.0,,,,,,,flex,,,,,,,,,,,,,,,,24.0,
SEVEN MAR,construction,pipelay_vessel,Flexible Pipelay/Construction Ship,ASN Marine SASU (France),SUBSEA 7,9230414,,active,frontier_pipelay_csv,https://www.vesselfinder.com/vessels/SEVEN-MAR-IMO-9230414-MMSI-235083629,147.8,27.1,13.4,,,2.0,,121.0,,,,,,,flex,,,15.2,,,,,,,,,,,,,20.0,
SKANDI ACERGY,construction,pipelay_vessel,,DOF Subsea,SUBSEA 7,9387217,,active,frontier_pipelay_csv,https://news.cision.com/dof-asa/r/contract-agreements-with-subsea-7-for-the-vessels-skandi-acergy--skandi-seven-and-skandi-skansen,157.0,27.1,12.2,,,3.0,,140.0,,,,,,,,,,,,,,,,,,,,,,,14.0,
SAPURA 3000,construction,pipelay_vessel,Heavy Lift and Pipelay Ship,Sapura Energy Berhad,SUBSEA 7,9391270,,active,frontier_pipelay_csv,https://www.myshiptracking.com/vessels/sapura-3000-mmsi-533835000-imo-9391270,151.2,37.8,14.9,,,2.0,,330.0,,,,,,,,,,,,,,,,,,,,,,,6.0,
SKANDI SEVEN,construction,pipelay_vessel,Flexible Pipelay/Consruction Ship,DOF Subsea,SUBSEA 7,9408671,,active,frontier_pipelay_csv,https://www.dof.com/fleet/skandi-seven,120.7,22.9,9.1,,,3.0,,120.0,,,,,,,flex,,,,,,,,,,,,,,,,,
SWIBER CONCORDE,construction,pipelay_vessel,Pipelay barge,unknown (Swiber liquidated 2016),SWIBER HOLDINGS,8673308,,stacked,frontier_pipelay_csv,https://splash247.com/swiber-goes-into-liquidation/,113.1,28.3,7.3,,,,,248.0,,,,,,,,,,,,,,,,,,,,,,,,
CAPPY BISSO,construction,heavy_lift,700 Ton Stiff Leg,Bisso Marine LLC,"BISSO MARINE COMPANY, INC.",,,active,frontier_heavy_lift_csv,https://www.marinelink.com/companies/bisso-marine-81556,61.0,21.3,4.3,,,,,,,700.0,15.2,,,,,,,,,,,,,,,ABS,,,,,,
LILI BISSO,construction,heavy_lift,600 Ton Stiff Leg,Bisso Marine LLC,"BISSO MARINE COMPANY, INC.",,,active,frontier_heavy_lift_csv,https://www.marinelink.com/companies/bisso-marine-81556,59.4,21.9,4.0,,,,,,,500.0,,600.0,18.3,,,,,,,,,,,,,ABS,,,,,,
BIG CHIEF,construction,heavy_lift,Revolving Crane Barge,Bisso Marine LLC,"BISSO MARINE COMPANY, INC.",,,active,frontier_heavy_lift_csv,https://www.marinelink.com/companies/bisso-marine-81556,67.1,22.6,4.3,,,,,,,100.0,4.6,10.0,33.5,,,,,,,,,,,,,,,,,,,
BOAZ,construction,heavy_lift,Revolving Crane Barge,Bisso Marine LLC,"BISSO MARINE COMPANY, INC.",,,active,frontier_heavy_lift_csv,https://www.marinelink.com/companies/bisso-marine-81556,76.2,23.2,5.2,,,,,,,250.0,24.4,80.0,33.5,,,,,,,,,,,,,ABS / USCG,,,,,,
BISSO 350,construction,heavy_lift,Revolving Crane Barge,Bisso Marine LLC,"BISSO MARINE COMPANY, INC.",,,active,frontier_heavy_lift_csv,https://www.marinelink.com/companies/bisso-marine-81556,76.2,23.5,5.5,,,,,,,385.0,50.0,165.0,54.9,,,,,,,,,,,,,LLOYDS REGISTRY,,,,,,
CROSSMAR 7,construction,heavy_lift,Multi Purpose Crane Barge,unknown,"CROSSMAR, INC.",,,unknown,frontier_heavy_lift_csv,https://directory.marinelink.com/ships/ship/crossmar-7-12521,100.6,31.7,7.3,,,,,,,176.0,,330.0,9.1,,,,,,,,,,,,,ABS A+1,,,,,,
CROSSMAR 14,construction,heavy_lift,Multi Purpose Crane Barge,unknown,"CROSSMAR, INC.",,,unknown,frontier_heavy_lift_csv,https://directory.marinelink.com/ships/ship/crossmar-14-9976,76.2,21.9,4.9,,,,,,,100.0,9.1,85.0,12.2,,,,,,,,,,,,,ABS / USCG,,,,,,
CROSSMAR 21,construction,heavy_lift,Multi Purpose Crane Barge,unknown,"CROSSMAR, INC.",,,unknown,frontier_heavy_lift_csv,https://directory.marinelink.com/ships/companies-crossmar,76.2,21.9,4.6,,,,,,,120.0,9.1,104.0,12.2,,,,,,,,,,,,,ABS / USCG,,,,,,
MAMMOTH ELEVATOR,construction,heavy_lift,Class 200 Liftboat,unknown,"ELEVATING BOATS, INC.",,,unknown,frontier_heavy_lift_csv,https://www.vesselfinder.com/vessels,45.7,19.8,2.7,,,,,,,,,,,,,,,,,,,,,,,USCG & ABS Load Line,,,,,,
CHEROKEE,construction,heavy_lift,Derrick / Lay Barge,EMAS AMC (Technip acquired Global Industries 2011),"GLOBAL INDUSTRIES, LTD.",,,unknown,frontier_heavy_lift_csv,https://www.company-histories.com/Global-Industries-Ltd-Company-History.html,106.7,30.5,7.6,,,,,,,925.0,29.0,600.0,21.3,,,,,,,,,,,,,ABS A-1; USCG (2),,,,,,
TITAN II,construction,heavy_lift,Derrick Barge,unknown,"GLOBAL INDUSTRIES, LTD.",,,unknown,frontier_heavy_lift_csv,https://www.company-histories.com/Global-Industries-Ltd-Company-History.html,134.1,54.3,,,,,,,,880.0,38.1,165.0,67.1,,,,,,,,,,,,,(Note 5),,,,,,
H-851 FLOATOVER / FORK-LIFT  INSTALLATION,construction,heavy_lift,Launch/Cargo Barge,Heerema Marine Contractors,"HEEREMA MARINE CONTRACTORS U.S., INC.",,,unknown,frontier_heavy_lift_csv,https://www.heerema.com/heerema-marine-contractors/fleet,,,,,,,,,,25000.0,,,,,,,,,,,,,,,,853' x 206.7' x 49.2',,,,,,
MARIDIVE 300,construction,heavy_lift,Construction Crane Barge,Maridive Offshore Projects SAE,MARIDIVE OFFSHORE PROJECTS SAE,,,active,frontier_heavy_lift_csv,https://maridive.com/barges/,,,,,,,,,,,,,,,,,,,,,,,,,,230' x 91.2' x 7.6',,,,,,
DB 26,construction,heavy_lift,Derrick/Lay Barge,McDermott International,MCDERMOTT,,,unknown,frontier_heavy_lift_csv,https://www.mcdermott.com/What-We-Do/Marine-Construction-Vessel,121.9,32.3,,,,,,,,900.0,21.3,800.0,21.3,,,,,,,,,,,,,ABS,,,,,,
INTERMAC 650,construction,heavy_lift,Launch Barge,McDermott International,MCDERMOTT,,,unknown,frontier_heavy_lift_csv,https://www.mcdermott.com/What-We-Do/Marine-Construction-Vessel,198.1,42.1,,,,,,,,22406.0,,,,,,,,,,,,,,,,ABS,,,,,,
OSFI DB RAEFORD (Note 2),construction,heavy_lift,Derrick Barge,unknown,"OFFSHORE SPECIALTY FABRICATORS, INC.",,,unknown,frontier_heavy_lift_csv,https://www.offshore-mag.com/vessels/article/16760467/us-gulf-pipeline-contractor-survey,91.4,27.4,6.1,,,,,,,700.0,19.8,700.0,19.8,,,,,,,,,,,,,Vertias,,,,,,
SUPERIOR PRIDE,construction,heavy_lift,Heavy Lift/Pipe Lay,unknown,SUPERIOR ENERGY MARINE SERVICES,,,unknown,frontier_heavy_lift_csv,https://www.offshore-mag.com/rigs-vessels/article/16763603/worldwide-heavy-lift-vessel-fleet-size-stable,120.1,31.7,,,,,,,,881.0,,881.0,,,,,,,,,,,,,,ABS,,,,,,
TETRA DB-1,construction,heavy_lift,Derrick Barge,unknown,TETRA TECHNOLOGIES,,,unknown,frontier_heavy_lift_csv,https://www.offshore-mag.com/vessels/article/16760467/us-gulf-pipeline-contractor-survey,106.7,30.5,7.6,,,,,,,615.0,19.8,565.0,19.8,,,,,,,,,,,,,Germanischer Lloyd,,,,,,
ASCOT ESCRAVOS 1,construction,pipelay_vessel,Pipelay barge,unknown,ASCOT CONSTRUCTORS OFFSHORE LTD.,,,unknown,frontier_pipelay_csv,https://www.offshore-mag.com/vessels/article/16757932/pipelay-vessels-survey-expands-to-include-worldwide-fleet,61.0,16.5,4.3,,,,,120.0,,,,,,,,,,30.5,,,,,,,,,,,,,16.0,
DLB BIG CHIEF,construction,pipelay_vessel,Derrick/Pipelay/Bury,Bisso Marine LLC,BISSO MARINE,,,active,frontier_pipelay_csv,https://www.marinelink.com/companies/bisso-marine-81556,67.1,22.6,4.3,,,,,56.0,,,,,,,,,,,,,,,,,,,,,,,,
DLB MIGHTY CHIEF,construction,pipelay_vessel,Pipelay,Bisso Marine LLC,BISSO MARINE,,,active,frontier_pipelay_csv,https://pilebuck.com/bisso-marine-acquires-new-derrickpipelay-barge/,59.7,23.2,3.7,,,,,61.0,,,,,,,,,,,,,,,,,,,,,,,,
BRAVE,construction,pipelay_vessel,Pipelay/Bury,Cal Dive International (bankrupt 2015),CAL DIVE,,,stacked,frontier_pipelay_csv,https://gcaptain.com/cal-dive-sells-shallow-water-diving-fleet/,83.8,21.3,5.5,,,,,90.0,,,,,,,,,,,,,,,,,,,,,,,,
RIDER,construction,pipelay_vessel,Pipelay/Bury,Cal Dive International (bankrupt 2015),CAL DIVE,,,stacked,frontier_pipelay_csv,https://gcaptain.com/cal-dive-sells-shallow-water-diving-fleet/,79.2,21.9,4.9,,,,,88.0,,,,,,,,,,,,,,,,,,,,,,,,
PECOS,construction,pipelay_vessel,Pipelay/Bury,Cal Dive International (bankrupt 2015),CAL DIVE,,,stacked,frontier_pipelay_csv,https://gcaptain.com/cal-dive-sells-shallow-water-diving-fleet/,78.0,21.9,4.9,,,,,84.0,,,,,,,,,,,,,,,,,,,,,,,,
CM 11,construction,pipelay_vessel,Lay/Bury Barge,Chet Morrison Contractors,CHET MORRISON CONTRACTORS,,,active,frontier_pipelay_csv,https://morrisonenergy.com/vessels-equipment/,59.4,14.0,4.0,,,,,40.0,,,,,,,,,,61.0,,,,,,,,,,,,,48.0,
CM 9,construction,pipelay_vessel,Lay/Bury Barge,Chet Morrison Contractors,CHET MORRISON CONTRACTORS,,,active,frontier_pipelay_csv,https://morrisonenergy.com/vessels-equipment/,54.9,16.5,3.7,,,,,44.0,,,,,,,,,,76.2,,,,,,,,,,,,,48.0,
CM 15,construction,pipelay_vessel,Lay/Bury Barge,Chet Morrison Contractors,CHET MORRISON CONTRACTORS,,,active,frontier_pipelay_csv,https://morrisonenergy.com/vessels-equipment/,67.1,18.3,4.3,,,,,65.0,,,,,,,,,,121.9,,,,,,,,,,,,,48.0,
BH109,construction,pipelay_vessel,Lift/ pipe laying barge,CNOOC,CNOOC,,,active,frontier_pipelay_csv,https://www.marinetraffic.com/en/ais/details/ships,93.6,28.3,6.7,,,,,,,,,,,,,,,,,,,,,,,,,,,,,
BH106,construction,pipelay_vessel,Lift/ pipe laying barge,CNOOC,CNOOC,,,active,frontier_pipelay_csv,https://www.marinetraffic.com/en/ais/details/ships,79.9,22.9,4.9,,,,,,,,,,,,,,,,,,,,,,,,,,,,,
DP,construction,pipelay_vessel,,unknown,CNOOC,,,unknown,frontier_pipelay_csv,https://www.offshore-mag.com/vessels/article/16757932/pipelay-vessels-survey-expands-to-include-worldwide-fleet,11.9,6.4,600.2,,,,,7.0,,,,,,,,,,,,,,,,,,,,,,,60.0,
ENTERPRISE 3,construction,pipelay_vessel,Derrick/Lay,unknown,CNOOC,,,unknown,frontier_pipelay_csv,https://www.offshore-mag.com/vessels/article/16757932/pipelay-vessels-survey-expands-to-include-worldwide-fleet,120.1,31.7,9.1,,,,,300.0,,,,,,,,,,106.7,,,,,,,,,,,,,36.0,
DP MSV,construction,pipelay_vessel,DP Reel Ship,unknown (Swiber liquidated 2016),SWIBER HOLDINGS,,,stacked,frontier_pipelay_csv,https://splash247.com/swiber-goes-into-liquidation/,126.8,20.4,8.2,,,3.0,,109.0,,,,,,,reel,,,1524.0,,,,,,,,,,,,,18.0,
CAESAR,construction,pipelay_vessel,,Helix Energy Solutions Group,"HELIX ENERGY SOLUTIONS GROUP, INC.",,,active,frontier_pipelay_csv,https://helixenergysolutionsgroupinc.gcs-web.com/news-releases/news-release-details/caesar-pipelay-vessel-joins-helix-esg-fleet,,,,,,,,,,,,,,,,,,,,,,,,,,,,,,,,
DP PLV,construction,pipelay_vessel,,Helix Energy Solutions Group,"HELIX ENERGY SOLUTIONS GROUP, INC.",,,active,frontier_pipelay_csv,https://helixesg.com/our-assets/subsea-construction/,146.3,29.9,17.1,,,2.0,,115.0,,,,,,,,,,3048.0,,,,,,,,,,,,,36.0,
NA,construction,pipelay_vessel,DP SCV Vessel,McDermott International,INTERNATIONAL CONSTRUCTION GROUP,,,unknown,frontier_pipelay_csv,https://www.mcdermott.com/What-We-Do/Marine-Construction-Vessel,134.4,19.5,13.1,,,2.0,,199.0,,,,,,,,,,914.4,,,,,,,,,,,,,40.0,
DB26,construction,pipelay_vessel,,McDermott International,INTERNATIONAL CONSTRUCTION GROUP,,,unknown,frontier_pipelay_csv,https://www.mcdermott.com/What-We-Do/Marine-Construction-Vessel,,,,,,,,,,,,,,,,,,,,,,,,,,,,,,,,
EXT,construction,pipelay_vessel,,unknown,LEIGHTON INTERNATIONAL,,,unknown,frontier_pipelay_csv,https://www.offshore-mag.com/vessels/article/16757932/pipelay-vessels-survey-expands-to-include-worldwide-fleet,12.8,5.5,150.0,,,,,2.0,,,,,,,,,,,,,,,,,,,,,,,48.0,
6DJ,construction,pipelay_vessel,,Saipem,SAIPEM AMERICA INC.,,,unknown,frontier_pipelay_csv,https://www.saipem.com/en/solutions-energy-transition/fleet-and-yards,25.6,12.2,1066.8,,,,,3.0,,,,,,,,,,,,,,,,,,,,,,,60.0,
2QJ,construction,pipelay_vessel,,Saipem,SAIPEM AMERICA INC.,,,unknown,frontier_pipelay_csv,https://www.saipem.com/en/solutions-energy-transition/fleet-and-yards,51.2,15.8,3048.0,,,,,,,,,,,,,,,,,,,,,,,,,,,,36.0,
7DJ,construction,pipelay_vessel,,Saipem,SAIPEM AMERICA INC.,,,unknown,frontier_pipelay_csv,https://www.saipem.com/en/solutions-energy-transition/fleet-and-yards,25.6,15.2,457.2,,,,,5.0,,,,,,,,,,,,,,,,,,,,,,,60.0,
1QJ,construction,pipelay_vessel,,Saipem,SAIPEM AMERICA INC.,,,unknown,frontier_pipelay_csv,https://www.saipem.com/en/solutions-energy-transition/fleet-and-yards,51.2,3048.0,15.8,,,,,2.0,,,,,,,,,,,,,,,,,,,,,,,20.0,
7TJ,construction,pipelay_vessel,,Saipem,SAIPEM AMERICA INC.,,,unknown,frontier_pipelay_csv,https://www.saipem.com/en/solutions-energy-transition/fleet-and-yards,38.4,11.3,3048.0,,,,,3.0,,,,,,,,,,,,,,,,,,,,,,,60.0,
SWIBER CHAI,construction,pipelay_vessel,Derrick pipelay barge,unknown (Swiber liquidated 2016),SWIBER HOLDINGS,,,stacked,frontier_pipelay_csv,https://splash247.com/swiber-goes-into-liquidation/,119.8,38.1,5.8,,,,,300.0,,,,,,,,,,,,,,,,,,,,,,,,
SWIBER CONQUEST,construction,pipelay_vessel,Accommodation/pipelay barge,unknown (Swiber liquidated 2016),SWIBER HOLDINGS,,,stacked,frontier_pipelay_csv,https://splash247.com/swiber-goes-into-liquidation/,107.9,30.5,4.0,,,,,280.0,,,,,,,,,,,,,,,,,,,,,,,,
SWIBER GLORIOUS,construction,pipelay_vessel,Accommodation/pipelay barge,unknown (Swiber liquidated 2016),SWIBER HOLDINGS,,,stacked,frontier_pipelay_csv,https://splash247.com/swiber-goes-into-liquidation/,112.8,28.0,4.9,,,,,300.0,,,,,,,,,,,,,,,,,,,,,,,,
SWIBER MAGNIFICENT,construction,pipelay_vessel,Derrick Lay Barge,unknown (Swiber liquidated 2016),SWIBER HOLDINGS,,,stacked,frontier_pipelay_csv,https://splash247.com/swiber-goes-into-liquidation/,154.8,50.0,11.9,,,,,320.0,,,,,,,,,,,,,,,,,,,,,,,,
AZIZ,construction,pipelay_vessel,Derrick Lay Barge,unknown (Swiber liquidated 2016),SWIBER HOLDINGS,,,stacked,frontier_pipelay_csv,https://splash247.com/swiber-goes-into-liquidation/,111.6,31.7,4.3,,,,,300.0,,,,,,,,,,,,,,,,,,,,,,,,
1 MAS 300,construction,pipelay_vessel,Pipelay/Accommodation,unknown (Swiber liquidated 2016),SWIBER HOLDINGS,,,stacked,frontier_pipelay_csv,https://splash247.com/swiber-goes-into-liquidation/,111.6,31.7,7.3,,,,,300.0,,,,,,,,,,,,,,,,,,,,,,,,
PJW 3000,construction,pipelay_vessel,Derrick Pipelay/Accommodation,unknown (ex Swiber PJW3000 renamed HOPES 3000),SWIBER HOLDINGS,,,stacked,frontier_pipelay_csv,https://app.vesselsvalue.com/valuation/0/Hopes-3000/,168.9,46.0,13.4,,,,,310.0,,,,,,,,,,,,,,,,,,,,,,,,
SWIBER RESOLUTE,construction,pipelay_vessel,Derrick Pipelay/Accommodation,unknown (Swiber liquidated 2016),SWIBER HOLDINGS,,,stacked,frontier_pipelay_csv,https://splash247.com/swiber-goes-into-liquidation/,126.8,39.0,8.8,,,,,300.0,,,,,,,,,,,,,,,,,,,,,,,,
CONSTRUCTOR,construction,pipelay_vessel,,unknown (Swiber liquidated 2016),SWIBER HOLDINGS,,,unknown,frontier_pipelay_csv,https://splash247.com/swiber-goes-into-liquidation/,,,,,,,,,,,,,,,,,,,,,,,,,,,,,,,,
DEEP BLUE,construction,pipelay_vessel,DP Reel Ship,Technip (DEEP BLUE = Technip vessel chartered to Swiber),SWIBER HOLDINGS,,,active,frontier_pipelay_csv,https://www.subsea7.com/en/media/datasheets.html,1463.0,206.3,32.0,,,3.0,,120.0,,,,,,,reel,,,3048.0,,,,,,,,,,,,,28.0,
DB-30,construction,,Derrick Barge,,,,,,acma_msiv_md,,126.0,37.0,3.7,,,,,150.0,,1200.0,,,,,,,,,,,,,,,,,,,,,,
Nexus,construction,,Multi-purpose,,,,,,acma_msiv_md,,140.0,28.0,5.5,,,2.0,,120.0,,2000.0,,,,,,,,,,,,,,,,,,,,,,
Tai'an Kou,construction,,Semi-sub,,,,,,acma_msiv_md,,200.0,78.0,10.5,,,2.0,,300.0,,4000.0,,,,,,,,,,,,,,,,,,,,,,
