API_WELL_NUMBER,WELL_NAME,SURF_BLOCK_NUM
608124012300,SN213,508
608124001500,001,508
608124002200,002,508
608124007700,001,508
608124008700,004,508
608124009200,005,508
608124009201,005,508
608124009500,SN105,508
608124009900,SN109,508
608124010300,009,508
608124010400,SN208,508
608124010500,008,508
608124011000,011,508
608124011001,SN110,508
608124011200,SN206,508
608124011700,SN207,508
608124012900,SN115,508
608124013400,SN216,508
608124013700,SN114,508
608124013701,SN114,508
608124014301,SN219,508
608124014300,SN219,508
