VESSEL_NAME,VESSEL_CATEGORY,VESSEL_TYPE,OWNER,DATA_SOURCE,DATA_SOURCE_URL,DIMENSION_CONFIDENCE,IMO_NUMBER,MMSI,FLAG_STATE,LOA_M,BEAM_M,GROSS_TONNAGE,DEADWEIGHT_TONNES,YEAR_BUILT
Q4000,intervention_vessel,heavy_intervention_semi,Helix Energy Solutions,myshiptracking,https://www.myshiptracking.com/vessels/q4000-mmsi-369550000-imo-8767123,registry,8767123,369550000,USA,95.0,61.0,14802.0,11099.0,2002.0
Q5000,intervention_vessel,heavy_intervention_semi,Helix Energy Solutions,myshiptracking,https://www.myshiptracking.com/vessels/q5000-mmsi-311000240-imo-8772104,registry,8772104,311000240,Bahamas,98.0,70.0,,,
Q7000,intervention_vessel,heavy_intervention_semi,Helix Energy Solutions,myshiptracking,https://www.myshiptracking.com/vessels/q7000-mmsi-311000594-imo-9710359,registry,9710359,311000594,Bahamas,96.0,62.0,,,
Seawell,intervention_vessel,rlwi_monohull,Helix Energy Solutions,myshiptracking,https://www.myshiptracking.com/vessels/seawell-mmsi-232159000-imo-8324567,registry,8324567,232159000,United Kingdom,111.0,22.0,9158.0,4615.0,1987.0
Well Enhancer,intervention_vessel,rlwi_monohull,Helix Energy Solutions,myshiptracking,https://www.myshiptracking.com/vessels/well-enhancer-mmsi-235062421-imo-9421996,registry,9421996,235062421,United Kingdom,132.0,22.0,9383.0,7950.0,2009.0
Siem Helix 1,intervention_vessel,rlwi_monohull,"Helix Energy Solutions (chartered, Siem Offshore-owned)",myshiptracking,https://www.myshiptracking.com/vessels/siem-helix-1-mmsi-311000363-imo-9733454,registry,9733454,311000363,Bahamas,154.0,31.0,,,
Siem Helix 2,intervention_vessel,rlwi_monohull,"Helix Energy Solutions (chartered, Siem Offshore-owned)",myshiptracking,https://www.myshiptracking.com/vessels/siem-helix-2-mmsi-311000364-imo-9733466,registry,9733466,311000364,Bahamas,154.0,31.0,,,
Island Constructor,intervention_vessel,rlwi_monohull,Island Offshore / TIOS (Island Offshore + TechnipFMC JV),myshiptracking,https://www.myshiptracking.com/vessels/island-constructor-mmsi-259749000-imo-9390678,registry,9390678,259749000,Norway,121.0,26.0,11602.0,8700.0,2008.0
Island Wellserver,intervention_vessel,rlwi_monohull,Island Offshore / TIOS,myshiptracking,https://www.myshiptracking.com/vessels/island-wellserver-mmsi-257202000-imo-9372755,registry,9372755,257202000,Norway,116.0,26.0,12223.0,8200.0,2008.0
Island Frontier,intervention_vessel,rlwi_monohull,Island Offshore / TIOS,myshiptracking,https://www.myshiptracking.com/vessels/island-frontier-mmsi-258866000-imo-9249520,registry,9249520,258866000,Norway,106.0,21.0,6834.0,4600.0,2003.0
Vanguard,intervention_vessel,osv,Island Offshore,myshiptracking,https://www.myshiptracking.com/vessels/vanguard-mmsi-259121000-imo-9356189,registry,9356189,259121000,Norway,86.0,22.0,5733.0,4229.0,2007.0
Island Venture,intervention_vessel,mpsv,C-Innovation / Edison Chouest Offshore (Island Ventures 5 LLC JV w/ Island Offshore),myshiptracking,https://www.myshiptracking.com/vessels/island-venture-mmsi-577358000-imo-9721786,registry,9721786,577358000,Vanuatu,160.0,30.0,,,
Island Performer,intervention_vessel,mpsv,C-Innovation / Edison Chouest Offshore,myshiptracking,https://www.myshiptracking.com/vessels/island-performer-mmsi-577305000-imo-9682045,registry,9682045,577305000,Vanuatu,130.0,25.0,11800.0,8600.0,2014.0
Island Intervention,intervention_vessel,mpsv,C-Innovation / Edison Chouest Offshore,myshiptracking,https://www.myshiptracking.com/vessels/island-intervention-mmsi-710008574-imo-9460095,registry,9460095,710008574,Brazil,120.0,24.0,11572.0,8588.0,2011.0
Ocean Evolution,intervention_vessel,mpsv,Oceaneering International,myshiptracking,https://www.myshiptracking.com/vessels/ocean-evolution-mmsi-338293000-imo-9733167,registry,9733167,338293000,USA,108.0,22.0,,,
Blue Sea,intervention_vessel,mpsv,Oceaneering International,myshiptracking,https://www.myshiptracking.com/vessels/blue-sea-mmsi-338798000-imo-9743057,registry,9743057,338798000,USA,100.0,22.0,,,
Normand Superior,intervention_vessel,mpsv,Oceaneering International (chartered),myshiptracking,https://www.myshiptracking.com/vessels/normand-superior-mmsi-257911000-imo-9766877,registry,9766877,257911000,Norway,98.0,22.0,,,
Juanita Candies,intervention_vessel,mpsv,Oceaneering International (chartered),myshiptracking,https://www.myshiptracking.com/vessels/juanita-candies-mmsi-338064000-imo-9581291,registry,9581291,338064000,USA,103.0,20.0,4950.0,4390.0,2013.0
Intervention,intervention_vessel,mpsv,Oceaneering International,myshiptracking,https://www.myshiptracking.com/vessels/intervention-mmsi-338413000-imo-9581277,registry,9581277,338413000,USA,90.0,19.0,3764.0,5450.0,2012.0
Brandon Bordelon,intervention_vessel,mpsv,Oceaneering International (chartered),myshiptracking,https://www.myshiptracking.com/vessels/brandon-bordelon-mmsi-367697440-imo-9670640,registry,9670640,367697440,USA,87.0,16.0,,,
Ocean Intervention II,intervention_vessel,mpsv,Oceaneering International,myshiptracking,https://www.myshiptracking.com/vessels/ocean-intervention-ii-mmsi-338759000-imo-9232125,registry,9232125,338759000,USA,77.0,16.0,2255.0,2376.0,2000.0
Ocean Intervention,intervention_vessel,mpsv,Oceaneering International,myshiptracking,https://www.myshiptracking.com/vessels/ocean-intervention-mmsi-366614000-imo-9203227,registry,9203227,366614000,USA,67.0,16.0,2262.0,2320.0,1998.0
AKOFS Seafarer,intervention_vessel,mpsv,AKOFS Offshore,myshiptracking,https://www.myshiptracking.com/vessels/akofs-seafarer-mmsi-257089550-imo-9387229,registry,9387229,257089550,Norway,157.0,32.0,16942.0,11000.0,2010.0
AKOFS Santos,intervention_vessel,mpsv,AKOFS Offshore,myshiptracking,https://www.myshiptracking.com/vessels/akofs-santos-mmsi-710005865-imo-9423437,registry,9423437,710005865,Brazil,120.0,22.0,9074.0,5109.0,2009.0
Aker Wayfarer,intervention_vessel,construction,AKOFS Offshore,myshiptracking,https://www.myshiptracking.com/vessels/aker-wayfarer-mmsi-710006322-imo-9435478,registry,9435478,710006322,Brazil,157.0,27.0,16697.0,10900.0,2010.0
Skandi Africa,intervention_vessel,construction,DOF Group,myshiptracking,https://www.myshiptracking.com/vessels/skandi-africa-mmsi-311000369-imo-9687459,registry,9687459,311000369,Bahamas,161.0,32.0,,,
Skandi Acergy,intervention_vessel,construction,DOF Group,myshiptracking,https://www.myshiptracking.com/vessels/skandi-acergy-mmsi-257691000-imo-9387217,registry,9387217,257691000,Norway,157.0,28.0,16500.0,11500.0,2008.0
Skandi Constructor,intervention_vessel,mpsv,DOF Group,myshiptracking,https://www.myshiptracking.com/vessels/skandi-constructor-mmsi-257220000-imo-9431642,registry,9431642,257220000,Norway,120.0,24.0,11572.0,8588.0,2009.0
Skandi Vinland,intervention_vessel,mpsv,DOF Group,myshiptracking,https://www.myshiptracking.com/vessels/skandi-vinland-mmsi-316033737-imo-9817121,registry,9817121,316033737,Canada,93.0,20.0,,,
