DEVELOPMENT,SYSTEM,TOTAL_OIL_BBLS,TOTAL_GAS_MCF,CUM_OIL_MMBBL,CUM_GAS_BCF,MAX_WELLS,MAX_LEASES,FIRST_PROD,LAST_PROD,MONTHS,AVG_GOR,PROD_YEARS,PCT_OF_TOTAL
Jack St Malo,subsea15,412455830,98696510,412.45583,98.69651,26,6,200009,202507,267,0.2,24.8,60.2
Stones,subsea15,84683092,12562945,84.683092,12.562945,8,1,200504,202507,235,0.1,20.2,12.4
Julia,tieback15,71558836,7306686,71.558836,7.306686,5,1,200806,202506,205,0.1,17.0,10.4
Big Foot,dry,68962612,16617165,68.962612,16.617165,15,1,200606,202507,230,0.2,19.1,10.1
Cascade Chinook,subsea15,37790891,6329213,37.790891,6.329213,3,2,200204,202506,267,0.2,23.2,5.5
Anchor,subsea20,9511633,2587176,9.511633,2.587176,5,2,201412,202507,49,0.3,10.6,1.4
Shenandoah,subsea20,3784,3914,0.003784,0.003914,9,2,200811,202506,186,1.0,16.6,0.0
North Platte,subsea20,0,0,0.0,0.0,2,2,201209,201706,47,,4.7,0.0
Tiber,subsea20,0,0,0.0,0.0,2,1,200908,201704,93,,7.7,0.0
